Date,Hour,From City,To City
2020-02-01,0,0,1
2020-02-01,1,0,0
2020-02-01,2,0,0
2020-02-01,3,0,0
2020-02-01,4,0,0
2020-02-01,5,0,0
2020-02-01,6,9,2
2020-02-01,7,13,4
2020-02-01,8,12,22
2020-02-01,9,17,15
2020-02-01,10,38,20
2020-02-01,11,18,18
2020-02-01,12,20,19
2020-02-01,13,20,6
2020-02-01,14,19,21
2020-02-01,15,15,16
2020-02-01,16,12,11
2020-02-01,17,7,14
2020-02-01,18,13,3
2020-02-01,19,8,12
2020-02-01,20,5,4
2020-02-01,21,3,1
2020-02-01,22,1,3
2020-02-01,23,0,0
2020-02-02,0,0,1
2020-02-02,1,0,0
2020-02-02,2,0,0
2020-02-02,3,0,0
2020-02-02,4,0,0
2020-02-02,5,1,0
2020-02-02,6,6,1
2020-02-02,7,9,3
2020-02-02,8,22,11
2020-02-02,9,17,17
2020-02-02,10,8,13
2020-02-02,11,17,10
2020-02-02,12,11,13
2020-02-02,13,18,9
2020-02-02,14,11,16
2020-02-02,15,22,13
2020-02-02,16,13,18
2020-02-02,17,12,12
2020-02-02,18,8,9
2020-02-02,19,5,6
2020-02-02,20,7,5
2020-02-02,21,1,2
2020-02-02,22,1,0
2020-02-02,23,0,0
2020-02-03,0,0,0
2020-02-03,1,0,0
2020-02-03,2,0,0
2020-02-03,3,0,0
2020-02-03,4,0,0
2020-02-03,5,8,1
2020-02-03,6,16,4
2020-02-03,7,56,8
2020-02-03,8,75,13
2020-02-03,9,37,6
2020-02-03,10,20,5
2020-02-03,11,13,7
2020-02-03,12,12,15
2020-02-03,13,7,8
2020-02-03,14,7,7
2020-02-03,15,8,22
2020-02-03,16,5,65
2020-02-03,17,14,82
2020-02-03,18,23,35
2020-02-03,19,17,14
2020-02-03,20,12,12
2020-02-03,21,3,3
2020-02-03,22,0,3
2020-02-03,23,0,0
2020-02-04,0,0,0
2020-02-04,1,0,0
2020-02-04,2,0,0
2020-02-04,3,0,0
2020-02-04,4,1,0
2020-02-04,5,5,3
2020-02-04,6,26,5
2020-02-04,7,71,9
2020-02-04,8,87,14
2020-02-04,9,26,5
2020-02-04,10,15,12
2020-02-04,11,16,6
2020-02-04,12,17,16
2020-02-04,13,10,11
2020-02-04,14,5,16
2020-02-04,15,7,22
2020-02-04,16,11,78
2020-02-04,17,14,82
2020-02-04,18,8,25
2020-02-04,19,10,12
2020-02-04,20,5,7
2020-02-04,21,0,0
2020-02-04,22,0,0
2020-02-04,23,0,0
2020-02-05,0,0,0
2020-02-05,1,0,0
2020-02-05,2,0,0
2020-02-05,3,0,0
2020-02-05,4,0,0
2020-02-05,5,5,0
2020-02-05,6,8,4
2020-02-05,7,61,8
2020-02-05,8,64,7
2020-02-05,9,27,5
2020-02-05,10,8,4
2020-02-05,11,21,3
2020-02-05,12,8,13
2020-02-05,13,16,12
2020-02-05,14,7,16
2020-02-05,15,6,26
2020-02-05,16,9,49
2020-02-05,17,11,69
2020-02-05,18,10,16
2020-02-05,19,11,18
2020-02-05,20,13,17
2020-02-05,21,3,3
2020-02-05,22,2,3
2020-02-05,23,0,2
2020-02-06,0,0,0
2020-02-06,1,0,0
2020-02-06,2,0,0
2020-02-06,3,0,0
2020-02-06,4,0,0
2020-02-06,5,0,0
2020-02-06,6,13,5
2020-02-06,7,14,9
2020-02-06,8,27,16
2020-02-06,9,25,23
2020-02-06,10,24,23
2020-02-06,11,38,29
2020-02-06,12,20,32
2020-02-06,13,16,22
2020-02-06,14,39,20
2020-02-06,15,13,43
2020-02-06,16,26,25
2020-02-06,17,20,26
2020-02-06,18,20,17
2020-02-06,19,14,11
2020-02-06,20,9,12
2020-02-06,21,5,3
2020-02-06,22,0,1
2020-02-06,23,0,0
2020-02-07,0,0,0
2020-02-07,1,0,0
2020-02-07,2,0,0
2020-02-07,3,0,0
2020-02-07,4,0,0
2020-02-07,5,7,0
2020-02-07,6,4,8
2020-02-07,7,41,6
2020-02-07,8,57,17
2020-02-07,9,32,7
2020-02-07,10,27,22
2020-02-07,11,14,22
2020-02-07,12,16,13
2020-02-07,13,20,18
2020-02-07,14,14,14
2020-02-07,15,12,16
2020-02-07,16,10,48
2020-02-07,17,31,64
2020-02-07,18,14,23
2020-02-07,19,20,20
2020-02-07,20,6,11
2020-02-07,21,1,3
2020-02-07,22,0,2
2020-02-07,23,1,0
2020-02-08,0,0,1
2020-02-08,1,1,0
2020-02-08,2,0,0
2020-02-08,3,0,0
2020-02-08,4,0,0
2020-02-08,5,0,0
2020-02-08,6,10,2
2020-02-08,7,15,10
2020-02-08,8,18,10
2020-02-08,9,34,19
2020-02-08,10,33,28
2020-02-08,11,41,45
2020-02-08,12,19,12
2020-02-08,13,18,10
2020-02-08,14,12,16
2020-02-08,15,12,14
2020-02-08,16,7,8
2020-02-08,17,6,15
2020-02-08,18,3,6
2020-02-08,19,2,1
2020-02-08,20,1,3
2020-02-08,21,0,1
2020-02-08,22,0,2
2020-02-08,23,0,0
2020-02-09,0,0,0
2020-02-09,1,0,1
2020-02-09,2,0,0
2020-02-09,3,0,0
2020-02-09,4,0,0
2020-02-09,5,3,0
2020-02-09,6,5,0
2020-02-09,7,31,14
2020-02-09,8,16,19
2020-02-09,9,25,16
2020-02-09,10,70,54
2020-02-09,11,35,42
2020-02-09,12,31,33
2020-02-09,13,31,27
2020-02-09,14,20,20
2020-02-09,15,28,23
2020-02-09,16,19,28
2020-02-09,17,19,25
2020-02-09,18,13,16
2020-02-09,19,12,7
2020-02-09,20,10,9
2020-02-09,21,0,1
2020-02-09,22,0,2
2020-02-09,23,0,0
2020-02-10,0,0,0
2020-02-10,1,0,0
2020-02-10,2,0,0
2020-02-10,3,0,0
2020-02-10,4,0,0
2020-02-10,5,5,0
2020-02-10,6,9,2
2020-02-10,7,66,10
2020-02-10,8,81,12
2020-02-10,9,30,8
2020-02-10,10,13,10
2020-02-10,11,9,8
2020-02-10,12,10,12
2020-02-10,13,9,7
2020-02-10,14,8,18
2020-02-10,15,14,30
2020-02-10,16,13,73
2020-02-10,17,18,76
2020-02-10,18,20,31
2020-02-10,19,11,26
2020-02-10,20,10,11
2020-02-10,21,2,1
2020-02-10,22,0,2
2020-02-10,23,0,0
2020-02-11,0,0,0
2020-02-11,1,0,0
2020-02-11,2,0,0
2020-02-11,3,0,0
2020-02-11,4,0,0
2020-02-11,5,3,0
2020-02-11,6,17,4
2020-02-11,7,56,6
2020-02-11,8,68,4
2020-02-11,9,27,7
2020-02-11,10,17,10
2020-02-11,11,9,12
2020-02-11,12,18,11
2020-02-11,13,14,13
2020-02-11,14,10,6
2020-02-11,15,6,24
2020-02-11,16,11,63
2020-02-11,17,20,64
2020-02-11,18,26,33
2020-02-11,19,18,9
2020-02-11,20,16,20
2020-02-11,21,4,5
2020-02-11,22,0,1
2020-02-11,23,0,0
2020-02-12,0,0,0
2020-02-12,1,0,0
2020-02-12,2,0,0
2020-02-12,3,0,0
2020-02-12,4,0,0
2020-02-12,5,7,0
2020-02-12,6,20,8
2020-02-12,7,72,12
2020-02-12,8,79,13
2020-02-12,9,41,8
2020-02-12,10,13,11
2020-02-12,11,10,7
2020-02-12,12,8,11
2020-02-12,13,14,10
2020-02-12,14,4,13
2020-02-12,15,11,24
2020-02-12,16,14,70
2020-02-12,17,15,71
2020-02-12,18,18,38
2020-02-12,19,13,20
2020-02-12,20,6,15
2020-02-12,21,1,4
2020-02-12,22,0,0
2020-02-12,23,0,0
2020-02-13,0,0,0
2020-02-13,1,0,0
2020-02-13,2,0,0
2020-02-13,3,0,0
2020-02-13,4,0,0
2020-02-13,5,5,0
2020-02-13,6,9,4
2020-02-13,7,60,5
2020-02-13,8,78,11
2020-02-13,9,34,9
2020-02-13,10,15,13
2020-02-13,11,9,7
2020-02-13,12,6,18
2020-02-13,13,8,7
2020-02-13,14,2,9
2020-02-13,15,13,20
2020-02-13,16,11,72
2020-02-13,17,21,65
2020-02-13,18,14,34
2020-02-13,19,10,17
2020-02-13,20,11,14
2020-02-13,21,0,0
2020-02-13,22,0,0
2020-02-13,23,0,0
2020-02-14,0,0,1
2020-02-14,1,0,0
2020-02-14,2,0,0
2020-02-14,3,0,0
2020-02-14,4,0,0
2020-02-14,5,3,0
2020-02-14,6,12,2
2020-02-14,7,57,6
2020-02-14,8,80,17
2020-02-14,9,31,10
2020-02-14,10,5,5
2020-02-14,11,10,14
2020-02-14,12,8,13
2020-02-14,13,14,10
2020-02-14,14,17,27
2020-02-14,15,10,23
2020-02-14,16,4,69
2020-02-14,17,13,64
2020-02-14,18,9,17
2020-02-14,19,10,19
2020-02-14,20,6,5
2020-02-14,21,0,3
2020-02-14,22,3,2
2020-02-14,23,0,1
2020-02-15,0,0,0
2020-02-15,1,0,0
2020-02-15,2,0,0
2020-02-15,3,0,0
2020-02-15,4,1,0
2020-02-15,5,0,0
2020-02-15,6,10,4
2020-02-15,7,10,10
2020-02-15,8,17,10
2020-02-15,9,36,20
2020-02-15,10,34,30
2020-02-15,11,17,27
2020-02-15,12,11,12
2020-02-15,13,25,7
2020-02-15,14,25,33
2020-02-15,15,13,18
2020-02-15,16,7,20
2020-02-15,17,9,11
2020-02-15,18,15,12
2020-02-15,19,18,15
2020-02-15,20,11,9
2020-02-15,21,0,4
2020-02-15,22,0,1
2020-02-15,23,0,0
2020-02-16,0,0,0
2020-02-16,1,0,0
2020-02-16,2,0,0
2020-02-16,3,0,0
2020-02-16,4,1,0
2020-02-16,5,0,0
2020-02-16,6,15,0
2020-02-16,7,17,15
2020-02-16,8,39,15
2020-02-16,9,21,30
2020-02-16,10,16,36
2020-02-16,11,22,36
2020-02-16,12,14,19
2020-02-16,13,10,10
2020-02-16,14,6,12
2020-02-16,15,16,15
2020-02-16,16,15,15
2020-02-16,17,18,15
2020-02-16,18,10,16
2020-02-16,19,9,8
2020-02-16,20,7,7
2020-02-16,21,0,3
2020-02-16,22,0,1
2020-02-16,23,0,1
2020-02-17,0,0,0
2020-02-17,1,0,0
2020-02-17,2,0,0
2020-02-17,3,0,0
2020-02-17,4,1,0
2020-02-17,5,3,0
2020-02-17,6,10,4
2020-02-17,7,60,4
2020-02-17,8,90,13
2020-02-17,9,34,8
2020-02-17,10,23,8
2020-02-17,11,25,13
2020-02-17,12,9,24
2020-02-17,13,7,9
2020-02-17,14,5,14
2020-02-17,15,7,26
2020-02-17,16,10,66
2020-02-17,17,15,74
2020-02-17,18,7,31
2020-02-17,19,10,10
2020-02-17,20,6,9
2020-02-17,21,1,2
2020-02-17,22,1,2
2020-02-17,23,0,1
2020-02-18,0,0,0
2020-02-18,1,0,0
2020-02-18,2,0,0
2020-02-18,3,0,0
2020-02-18,4,1,0
2020-02-18,5,3,0
2020-02-18,6,16,4
2020-02-18,7,60,10
2020-02-18,8,82,12
2020-02-18,9,44,10
2020-02-18,10,26,36
2020-02-18,11,16,23
2020-02-18,12,15,21
2020-02-18,13,15,11
2020-02-18,14,0,7
2020-02-18,15,6,19
2020-02-18,16,4,65
2020-02-18,17,6,72
2020-02-18,18,19,16
2020-02-18,19,4,12
2020-02-18,20,6,7
2020-02-18,21,0,4
2020-02-18,22,0,0
2020-02-18,23,0,1
2020-02-19,0,0,0
2020-02-19,1,0,0
2020-02-19,2,0,0
2020-02-19,3,0,0
2020-02-19,4,1,0
2020-02-19,5,3,0
2020-02-19,6,14,1
2020-02-19,7,45,4
2020-02-19,8,67,4
2020-02-19,9,31,2
2020-02-19,10,14,11
2020-02-19,11,10,1
2020-02-19,12,11,16
2020-02-19,13,9,10
2020-02-19,14,10,18
2020-02-19,15,6,25
2020-02-19,16,10,53
2020-02-19,17,22,66
2020-02-19,18,21,46
2020-02-19,19,11,25
2020-02-19,20,10,7
2020-02-19,21,0,3
2020-02-19,22,0,1
2020-02-19,23,0,1
2020-02-20,0,0,1
2020-02-20,1,0,1
2020-02-20,2,0,0
2020-02-20,3,0,0
2020-02-20,4,1,0
2020-02-20,5,3,0
2020-02-20,6,14,3
2020-02-20,7,49,7
2020-02-20,8,83,10
2020-02-20,9,35,6
2020-02-20,10,17,8
2020-02-20,11,6,17
2020-02-20,12,10,20
2020-02-20,13,23,6
2020-02-20,14,7,16
2020-02-20,15,12,24
2020-02-20,16,13,82
2020-02-20,17,17,64
2020-02-20,18,15,37
2020-02-20,19,21,35
2020-02-20,20,13,10
2020-02-20,21,2,12
2020-02-20,22,0,1
2020-02-20,23,0,0
2020-02-21,0,0,3
2020-02-21,1,1,0
2020-02-21,2,0,0
2020-02-21,3,0,0
2020-02-21,4,0,0
2020-02-21,5,6,0
2020-02-21,6,12,6
2020-02-21,7,65,5
2020-02-21,8,81,17
2020-02-21,9,38,6
2020-02-21,10,20,8
2020-02-21,11,13,17
2020-02-21,12,12,18
2020-02-21,13,14,12
2020-02-21,14,11,19
2020-02-21,15,3,29
2020-02-21,16,11,66
2020-02-21,17,11,49
2020-02-21,18,10,19
2020-02-21,19,4,13
2020-02-21,20,5,12
2020-02-21,21,0,1
2020-02-21,22,0,2
2020-02-21,23,0,1
2020-02-22,0,0,0
2020-02-22,1,0,0
2020-02-22,2,0,0
2020-02-22,3,0,0
2020-02-22,4,0,0
2020-02-22,5,0,0
2020-02-22,6,0,0
2020-02-22,7,4,1
2020-02-22,8,2,2
2020-02-22,9,3,3
2020-02-22,10,7,4
2020-02-22,11,8,4
2020-02-22,12,9,16
2020-02-22,13,10,12
2020-02-22,14,19,10
2020-02-22,15,27,31
2020-02-22,16,18,29
2020-02-22,17,12,13
2020-02-22,18,6,8
2020-02-22,19,7,5
2020-02-22,20,2,9
2020-02-22,21,0,1
2020-02-22,22,0,0
2020-02-22,23,0,0
2020-02-23,0,0,0
2020-02-23,1,0,0
2020-02-23,2,0,0
2020-02-23,3,0,0
2020-02-23,4,0,0
2020-02-23,5,0,0
2020-02-23,6,7,0
2020-02-23,7,13,9
2020-02-23,8,14,16
2020-02-23,9,39,21
2020-02-23,10,21,26
2020-02-23,11,20,21
2020-02-23,12,13,23
2020-02-23,13,22,19
2020-02-23,14,25,21
2020-02-23,15,32,31
2020-02-23,16,22,28
2020-02-23,17,13,17
2020-02-23,18,12,11
2020-02-23,19,9,9
2020-02-23,20,8,11
2020-02-23,21,1,3
2020-02-23,22,0,0
2020-02-23,23,2,1
2020-02-24,0,0,0
2020-02-24,1,0,0
2020-02-24,2,0,0
2020-02-24,3,0,0
2020-02-24,4,0,0
2020-02-24,5,3,1
2020-02-24,6,14,4
2020-02-24,7,80,10
2020-02-24,8,90,6
2020-02-24,9,31,7
2020-02-24,10,17,8
2020-02-24,11,13,15
2020-02-24,12,16,19
2020-02-24,13,24,13
2020-02-24,14,14,24
2020-02-24,15,18,33
2020-02-24,16,13,87
2020-02-24,17,12,96
2020-02-24,18,27,29
2020-02-24,19,9,20
2020-02-24,20,3,15
2020-02-24,21,0,1
2020-02-24,22,1,1
2020-02-24,23,0,0
2020-02-25,0,0,0
2020-02-25,1,0,0
2020-02-25,2,0,0
2020-02-25,3,0,0
2020-02-25,4,0,0
2020-02-25,5,6,0
2020-02-25,6,18,3
2020-02-25,7,82,5
2020-02-25,8,95,11
2020-02-25,9,36,5
2020-02-25,10,22,4
2020-02-25,11,10,17
2020-02-25,12,6,14
2020-02-25,13,20,11
2020-02-25,14,13,16
2020-02-25,15,7,33
2020-02-25,16,19,72
2020-02-25,17,8,109
2020-02-25,18,25,29
2020-02-25,19,4,23
2020-02-25,20,10,13
2020-02-25,21,0,2
2020-02-25,22,1,1
2020-02-25,23,0,0
2020-02-26,0,0,0
2020-02-26,1,0,0
2020-02-26,2,0,0
2020-02-26,3,0,0
2020-02-26,4,0,0
2020-02-26,5,4,0
2020-02-26,6,10,1
2020-02-26,7,67,7
2020-02-26,8,99,12
2020-02-26,9,39,6
2020-02-26,10,21,15
2020-02-26,11,18,12
2020-02-26,12,19,24
2020-02-26,13,21,19
2020-02-26,14,14,25
2020-02-26,15,9,37
2020-02-26,16,9,76
2020-02-26,17,16,99
2020-02-26,18,19,23
2020-02-26,19,16,29
2020-02-26,20,5,9
2020-02-26,21,0,3
2020-02-26,22,0,1
2020-02-26,23,1,0
2020-02-27,0,0,0
2020-02-27,1,0,1
2020-02-27,2,0,0
2020-02-27,3,0,0
2020-02-27,4,1,0
2020-02-27,5,6,0
2020-02-27,6,18,9
2020-02-27,7,71,8
2020-02-27,8,84,11
2020-02-27,9,31,9
2020-02-27,10,23,12
2020-02-27,11,16,10
2020-02-27,12,13,16
2020-02-27,13,15,12
2020-02-27,14,7,20
2020-02-27,15,5,24
2020-02-27,16,10,73
2020-02-27,17,11,67
2020-02-27,18,14,27
2020-02-27,19,17,27
2020-02-27,20,6,8
2020-02-27,21,0,3
2020-02-27,22,2,0
2020-02-27,23,0,1
2020-02-28,0,0,0
2020-02-28,1,0,0
2020-02-28,2,0,0
2020-02-28,3,0,0
2020-02-28,4,0,0
2020-02-28,5,4,0
2020-02-28,6,14,3
2020-02-28,7,64,12
2020-02-28,8,77,6
2020-02-28,9,38,9
2020-02-28,10,21,8
2020-02-28,11,13,15
2020-02-28,12,8,17
2020-02-28,13,13,13
2020-02-28,14,13,25
2020-02-28,15,9,33
2020-02-28,16,8,55
2020-02-28,17,18,64
2020-02-28,18,12,24
2020-02-28,19,4,16
2020-02-28,20,4,9
2020-02-28,21,1,1
2020-02-28,22,0,1
2020-02-28,23,0,0
2020-02-29,0,0,0
2020-02-29,1,0,0
2020-02-29,2,1,0
2020-02-29,3,0,0
2020-02-29,4,0,0
2020-02-29,5,0,0
2020-02-29,6,12,0
2020-02-29,7,11,12
2020-02-29,8,15,12
2020-02-29,9,15,14
2020-02-29,10,3,3
2020-02-29,11,2,3
2020-02-29,12,0,1
2020-02-29,13,11,3
2020-02-29,14,23,22
2020-02-29,15,22,28
2020-02-29,16,18,26
2020-02-29,17,9,19
2020-02-29,18,11,17
2020-02-29,19,8,5
2020-02-29,20,0,5
2020-02-29,21,1,3
2020-02-29,22,0,0
2020-02-29,23,0,0
2020-03-01,0,0,0
2020-03-01,1,0,3
2020-03-01,2,0,2
2020-03-01,3,0,0
2020-03-01,4,0,0
2020-03-01,5,0,0
2020-03-01,6,6,0
2020-03-01,7,10,10
2020-03-01,8,16,13
2020-03-01,9,38,33
2020-03-01,10,35,46
2020-03-01,11,29,30
2020-03-01,12,35,30
2020-03-01,13,22,20
2020-03-01,14,28,26
2020-03-01,15,21,18
2020-03-01,16,9,15
2020-03-01,17,16,19
2020-03-01,18,12,11
2020-03-01,19,11,10
2020-03-01,20,0,5
2020-03-01,21,0,1
2020-03-01,22,0,0
2020-03-01,23,0,0
2020-03-02,0,0,0
2020-03-02,1,0,0
2020-03-02,2,0,0
2020-03-02,3,0,0
2020-03-02,4,1,0
2020-03-02,5,4,0
2020-03-02,6,14,2
2020-03-02,7,89,5
2020-03-02,8,91,13
2020-03-02,9,36,3
2020-03-02,10,18,16
2020-03-02,11,18,11
2020-03-02,12,13,27
2020-03-02,13,21,12
2020-03-02,14,12,23
2020-03-02,15,12,28
2020-03-02,16,16,75
2020-03-02,17,16,86
2020-03-02,18,14,50
2020-03-02,19,6,20
2020-03-02,20,5,8
2020-03-02,21,0,1
2020-03-02,22,0,2
2020-03-02,23,0,0
2020-03-03,0,0,1
2020-03-03,1,0,0
2020-03-03,2,0,0
2020-03-03,3,0,0
2020-03-03,4,0,0
2020-03-03,5,7,0
2020-03-03,6,15,3
2020-03-03,7,79,6
2020-03-03,8,107,15
2020-03-03,9,36,6
2020-03-03,10,21,12
2020-03-03,11,15,20
2020-03-03,12,10,16
2020-03-03,13,15,7
2020-03-03,14,5,17
2020-03-03,15,9,23
2020-03-03,16,7,80
2020-03-03,17,18,94
2020-03-03,18,20,33
2020-03-03,19,13,29
2020-03-03,20,3,5
2020-03-03,21,1,5
2020-03-03,22,0,1
2020-03-03,23,0,0
2020-03-04,0,0,1
2020-03-04,1,0,2
2020-03-04,2,0,0
2020-03-04,3,0,0
2020-03-04,4,0,0
2020-03-04,5,3,0
2020-03-04,6,7,1
2020-03-04,7,53,3
2020-03-04,8,58,9
2020-03-04,9,19,2
2020-03-04,10,4,2
2020-03-04,11,5,6
2020-03-04,12,9,4
2020-03-04,13,8,2
2020-03-04,14,3,6
2020-03-04,15,36,19
2020-03-04,16,5,49
2020-03-04,17,9,56
2020-03-04,18,4,19
2020-03-04,19,3,11
2020-03-04,20,3,6
2020-03-04,21,0,2
2020-03-04,22,0,0
2020-03-04,23,0,0
2020-03-05,0,0,0
2020-03-05,1,0,0
2020-03-05,2,0,0
2020-03-05,3,0,0
2020-03-05,4,0,0
2020-03-05,5,4,2
2020-03-05,6,12,1
2020-03-05,7,65,5
2020-03-05,8,80,5
2020-03-05,9,36,2
2020-03-05,10,13,5
2020-03-05,11,7,11
2020-03-05,12,14,14
2020-03-05,13,8,10
2020-03-05,14,7,14
2020-03-05,15,11,25
2020-03-05,16,17,56
2020-03-05,17,11,77
2020-03-05,18,10,28
2020-03-05,19,8,21
2020-03-05,20,3,3
2020-03-05,21,1,3
2020-03-05,22,0,0
2020-03-05,23,0,0
2020-03-06,0,0,0
2020-03-06,1,0,0
2020-03-06,2,0,0
2020-03-06,3,0,0
2020-03-06,4,0,0
2020-03-06,5,4,0
2020-03-06,6,4,2
2020-03-06,7,61,8
2020-03-06,8,102,7
2020-03-06,9,28,9
2020-03-06,10,15,15
2020-03-06,11,12,13
2020-03-06,12,10,39
2020-03-06,13,17,6
2020-03-06,14,2,16
2020-03-06,15,4,24
2020-03-06,16,5,53
2020-03-06,17,1,46
2020-03-06,18,5,32
2020-03-06,19,6,13
2020-03-06,20,2,2
2020-03-06,21,1,1
2020-03-06,22,0,0
2020-03-06,23,0,1
2020-03-07,0,0,1
2020-03-07,1,0,0
2020-03-07,2,1,0
2020-03-07,3,0,0
2020-03-07,4,0,0
2020-03-07,5,2,0
2020-03-07,6,7,1
2020-03-07,7,14,11
2020-03-07,8,12,12
2020-03-07,9,16,26
2020-03-07,10,28,17
2020-03-07,11,22,25
2020-03-07,12,23,12
2020-03-07,13,10,17
2020-03-07,14,28,25
2020-03-07,15,25,11
2020-03-07,16,14,19
2020-03-07,17,19,20
2020-03-07,18,8,15
2020-03-07,19,9,15
2020-03-07,20,1,2
2020-03-07,21,4,6
2020-03-07,22,0,0
2020-03-07,23,0,0
2020-03-08,0,0,0
2020-03-08,1,0,0
2020-03-08,2,0,0
2020-03-08,3,0,0
2020-03-08,4,0,0
2020-03-08,5,0,0
2020-03-08,6,3,1
2020-03-08,7,17,8
2020-03-08,8,23,9
2020-03-08,9,26,28
2020-03-08,10,48,30
2020-03-08,11,29,44
2020-03-08,12,11,15
2020-03-08,13,25,22
2020-03-08,14,29,22
2020-03-08,15,30,19
2020-03-08,16,24,26
2020-03-08,17,20,27
2020-03-08,18,15,18
2020-03-08,19,14,13
2020-03-08,20,6,4
2020-03-08,21,2,1
2020-03-08,22,0,0
2020-03-08,23,0,0
2020-03-09,0,0,0
2020-03-09,1,0,0
2020-03-09,2,0,0
2020-03-09,3,0,0
2020-03-09,4,0,0
2020-03-09,5,5,0
2020-03-09,6,14,6
2020-03-09,7,73,5
2020-03-09,8,91,13
2020-03-09,9,25,5
2020-03-09,10,9,2
2020-03-09,11,6,6
2020-03-09,12,8,22
2020-03-09,13,11,9
2020-03-09,14,7,24
2020-03-09,15,16,34
2020-03-09,16,15,59
2020-03-09,17,10,68
2020-03-09,18,7,25
2020-03-09,19,4,15
2020-03-09,20,1,1
2020-03-09,21,0,2
2020-03-09,22,0,1
2020-03-09,23,0,0
2020-03-10,0,0,0
2020-03-10,1,0,0
2020-03-10,2,0,0
2020-03-10,3,0,0
2020-03-10,4,0,0
2020-03-10,5,4,0
2020-03-10,6,10,4
2020-03-10,7,74,2
2020-03-10,8,77,10
2020-03-10,9,28,5
2020-03-10,10,5,6
2020-03-10,11,10,2
2020-03-10,12,10,14
2020-03-10,13,14,8
2020-03-10,14,11,14
2020-03-10,15,10,22
2020-03-10,16,7,55
2020-03-10,17,11,73
2020-03-10,18,19,34
2020-03-10,19,4,23
2020-03-10,20,4,6
2020-03-10,21,0,2
2020-03-10,22,0,2
2020-03-10,23,0,0
2020-03-11,0,0,0
2020-03-11,1,0,0
2020-03-11,2,0,0
2020-03-11,3,0,0
2020-03-11,4,0,0
2020-03-11,5,5,0
2020-03-11,6,8,3
2020-03-11,7,79,2
2020-03-11,8,95,16
2020-03-11,9,34,5
2020-03-11,10,14,8
2020-03-11,11,12,14
2020-03-11,12,12,17
2020-03-11,13,18,18
2020-03-11,14,9,15
2020-03-11,15,7,22
2020-03-11,16,11,59
2020-03-11,17,12,69
2020-03-11,18,8,32
2020-03-11,19,5,23
2020-03-11,20,8,3
2020-03-11,21,0,2
2020-03-11,22,0,3
2020-03-11,23,0,0
2020-03-12,0,0,0
2020-03-12,1,0,0
2020-03-12,2,0,0
2020-03-12,3,0,0
2020-03-12,4,0,0
2020-03-12,5,5,0
2020-03-12,6,9,4
2020-03-12,7,91,7
2020-03-12,8,77,7
2020-03-12,9,33,6
2020-03-12,10,21,9
2020-03-12,11,9,14
2020-03-12,12,13,11
2020-03-12,13,15,9
2020-03-12,14,4,15
2020-03-12,15,10,42
2020-03-12,16,19,60
2020-03-12,17,12,64
2020-03-12,18,10,27
2020-03-12,19,7,21
2020-03-12,20,2,4
2020-03-12,21,1,2
2020-03-12,22,0,0
2020-03-12,23,0,0
2020-03-13,0,0,0
2020-03-13,1,0,0
2020-03-13,2,0,0
2020-03-13,3,0,0
2020-03-13,4,0,0
2020-03-13,5,3,0
2020-03-13,6,8,2
2020-03-13,7,55,7
2020-03-13,8,72,9
2020-03-13,9,40,7
2020-03-13,10,9,13
2020-03-13,11,14,13
2020-03-13,12,9,23
2020-03-13,13,15,12
2020-03-13,14,5,16
2020-03-13,15,12,23
2020-03-13,16,9,61
2020-03-13,17,7,63
2020-03-13,18,7,25
2020-03-13,19,3,9
2020-03-13,20,3,10
2020-03-13,21,1,2
2020-03-13,22,0,0
2020-03-13,23,1,0
2020-03-14,0,0,0
2020-03-14,1,0,0
2020-03-14,2,0,0
2020-03-14,3,0,0
2020-03-14,4,0,0
2020-03-14,5,0,0
2020-03-14,6,1,2
2020-03-14,7,15,5
2020-03-14,8,10,13
2020-03-14,9,16,13
2020-03-14,10,26,9
2020-03-14,11,31,37
2020-03-14,12,23,23
2020-03-14,13,13,11
2020-03-14,14,30,24
2020-03-14,15,20,28
2020-03-14,16,22,19
2020-03-14,17,5,9
2020-03-14,18,12,8
2020-03-14,19,6,7
2020-03-14,20,1,7
2020-03-14,21,1,1
2020-03-14,22,0,0
2020-03-14,23,0,0
2020-03-15,0,1,2
2020-03-15,1,0,0
2020-03-15,2,0,0
2020-03-15,3,0,0
2020-03-15,4,0,0
2020-03-15,5,0,0
2020-03-15,6,4,0
2020-03-15,7,11,7
2020-03-15,8,17,9
2020-03-15,9,33,24
2020-03-15,10,36,19
2020-03-15,11,32,37
2020-03-15,12,24,27
2020-03-15,13,23,21
2020-03-15,14,19,30
2020-03-15,15,21,23
2020-03-15,16,28,24
2020-03-15,17,14,16
2020-03-15,18,7,2
2020-03-15,19,9,7
2020-03-15,20,0,3
2020-03-15,21,0,2
2020-03-15,22,0,0
2020-03-15,23,0,0
2020-03-16,0,0,0
2020-03-16,1,0,0
2020-03-16,2,0,0
2020-03-16,3,1,0
2020-03-16,4,0,0
2020-03-16,5,2,0
2020-03-16,6,15,2
2020-03-16,7,69,7
2020-03-16,8,85,13
2020-03-16,9,44,8
2020-03-16,10,24,9
2020-03-16,11,11,13
2020-03-16,12,20,18
2020-03-16,13,15,17
2020-03-16,14,5,17
2020-03-16,15,8,20
2020-03-16,16,19,68
2020-03-16,17,22,92
2020-03-16,18,10,35
2020-03-16,19,5,27
2020-03-16,20,2,4
2020-03-16,21,0,1
2020-03-16,22,0,0
2020-03-16,23,0,0
2020-03-17,0,0,4
2020-03-17,1,0,0
2020-03-17,2,0,0
2020-03-17,3,1,0
2020-03-17,4,0,0
2020-03-17,5,3,0
2020-03-17,6,6,0
2020-03-17,7,58,1
2020-03-17,8,68,14
2020-03-17,9,24,7
2020-03-17,10,7,2
2020-03-17,11,9,10
2020-03-17,12,10,12
2020-03-17,13,15,0
2020-03-17,14,10,8
2020-03-17,15,9,19
2020-03-17,16,3,50
2020-03-17,17,11,69
2020-03-17,18,5,26
2020-03-17,19,4,6
2020-03-17,20,0,1
2020-03-17,21,1,1
2020-03-17,22,1,1
2020-03-17,23,0,0
2020-03-18,0,1,0
2020-03-18,1,0,0
2020-03-18,2,0,0
2020-03-18,3,1,0
2020-03-18,4,0,0
2020-03-18,5,2,0
2020-03-18,6,5,0
2020-03-18,7,54,2
2020-03-18,8,83,16
2020-03-18,9,30,4
2020-03-18,10,16,7
2020-03-18,11,11,9
2020-03-18,12,8,16
2020-03-18,13,12,6
2020-03-18,14,6,13
2020-03-18,15,10,19
2020-03-18,16,16,60
2020-03-18,17,20,64
2020-03-18,18,16,22
2020-03-18,19,11,13
2020-03-18,20,0,2
2020-03-18,21,1,2
2020-03-18,22,1,1
2020-03-18,23,1,1
2020-03-19,0,0,0
2020-03-19,1,0,0
2020-03-19,2,0,0
2020-03-19,3,1,0
2020-03-19,4,1,0
2020-03-19,5,4,0
2020-03-19,6,11,1
2020-03-19,7,54,4
2020-03-19,8,81,10
2020-03-19,9,34,8
2020-03-19,10,17,6
2020-03-19,11,10,9
2020-03-19,12,8,11
2020-03-19,13,4,7
2020-03-19,14,4,13
2020-03-19,15,3,19
2020-03-19,16,9,64
2020-03-19,17,7,56
2020-03-19,18,10,32
2020-03-19,19,7,12
2020-03-19,20,0,4
2020-03-19,21,0,0
2020-03-19,22,0,1
2020-03-19,23,0,0
2020-03-20,0,0,0
2020-03-20,1,0,0
2020-03-20,2,0,0
2020-03-20,3,0,0
2020-03-20,4,0,0
2020-03-20,5,2,0
2020-03-20,6,4,0
2020-03-20,7,41,6
2020-03-20,8,68,11
2020-03-20,9,34,8
2020-03-20,10,9,9
2020-03-20,11,12,18
2020-03-20,12,13,20
2020-03-20,13,8,9
2020-03-20,14,6,13
2020-03-20,15,7,10
2020-03-20,16,3,37
2020-03-20,17,14,50
2020-03-20,18,6,23
2020-03-20,19,8,10
2020-03-20,20,1,2
2020-03-20,21,0,1
2020-03-20,22,0,0
2020-03-20,23,0,0
2020-03-21,0,0,0
2020-03-21,1,0,0
2020-03-21,2,1,1
2020-03-21,3,0,0
2020-03-21,4,0,0
2020-03-21,5,0,0
2020-03-21,6,3,0
2020-03-21,7,8,4
2020-03-21,8,26,8
2020-03-21,9,25,22
2020-03-21,10,24,23
2020-03-21,11,35,33
2020-03-21,12,12,24
2020-03-21,13,23,18
2020-03-21,14,46,16
2020-03-21,15,25,44
2020-03-21,16,24,19
2020-03-21,17,11,23
2020-03-21,18,10,10
2020-03-21,19,9,9
2020-03-21,20,1,1
2020-03-21,21,0,1
2020-03-21,22,0,0
2020-03-21,23,0,0
2020-03-22,0,0,0
2020-03-22,1,0,0
2020-03-22,2,0,0
2020-03-22,3,0,0
2020-03-22,4,0,0
2020-03-22,5,0,0
2020-03-22,6,5,0
2020-03-22,7,9,5
2020-03-22,8,6,4
2020-03-22,9,1,1
2020-03-22,10,6,3
2020-03-22,11,17,4
2020-03-22,12,15,5
2020-03-22,13,19,26
2020-03-22,14,49,20
2020-03-22,15,32,27
2020-03-22,16,36,28
2020-03-22,17,23,21
2020-03-22,18,6,9
2020-03-22,19,7,8
2020-03-22,20,0,2
2020-03-22,21,0,1
2020-03-22,22,0,1
2020-03-22,23,0,0
2020-03-23,0,0,0
2020-03-23,1,0,1
2020-03-23,2,0,0
2020-03-23,3,1,0
2020-03-23,4,0,0
2020-03-23,5,1,0
2020-03-23,6,7,0
2020-03-23,7,37,6
2020-03-23,8,55,14
2020-03-23,9,10,1
2020-03-23,10,1,1
2020-03-23,11,17,14
2020-03-23,12,4,2
2020-03-23,13,0,0
2020-03-23,14,3,9
2020-03-23,15,9,22
2020-03-23,16,8,33
2020-03-23,17,3,26
2020-03-23,18,6,13
2020-03-23,19,12,15
2020-03-23,20,0,0
2020-03-23,21,1,1
2020-03-23,22,0,1
2020-03-23,23,0,0
2020-03-24,0,0,0
2020-03-24,1,0,0
2020-03-24,2,0,0
2020-03-24,3,1,0
2020-03-24,4,0,0
2020-03-24,5,0,0
2020-03-24,6,2,0
2020-03-24,7,19,0
2020-03-24,8,16,7
2020-03-24,9,13,4
2020-03-24,10,6,3
2020-03-24,11,8,8
2020-03-24,12,11,9
2020-03-24,13,81,47
2020-03-24,14,24,18
2020-03-24,15,23,22
2020-03-24,16,30,36
2020-03-24,17,28,26
2020-03-24,18,6,18
2020-03-24,19,2,4
2020-03-24,20,0,1
2020-03-24,21,1,1
2020-03-24,22,0,1
2020-03-24,23,0,0
2020-03-25,0,0,0
2020-03-25,1,0,0
2020-03-25,2,1,0
2020-03-25,3,0,0
2020-03-25,4,0,0
2020-03-25,5,0,0
2020-03-25,6,2,0
2020-03-25,7,13,1
2020-03-25,8,15,14
2020-03-25,9,20,7
2020-03-25,10,29,14
2020-03-25,11,26,24
2020-03-25,12,17,24
2020-03-25,13,18,16
2020-03-25,14,25,26
2020-03-25,15,33,30
2020-03-25,16,20,23
2020-03-25,17,19,18
2020-03-25,18,9,13
2020-03-25,19,16,15
2020-03-25,20,2,2
2020-03-25,21,0,2
2020-03-25,22,0,1
2020-03-25,23,0,0
2020-03-26,0,0,0
2020-03-26,1,0,0
2020-03-26,2,0,0
2020-03-26,3,0,0
2020-03-26,4,0,0
2020-03-26,5,0,0
2020-03-26,6,5,0
2020-03-26,7,6,1
2020-03-26,8,19,6
2020-03-26,9,14,17
2020-03-26,10,16,14
2020-03-26,11,15,12
2020-03-26,12,19,16
2020-03-26,13,16,11
2020-03-26,14,33,19
2020-03-26,15,28,27
2020-03-26,16,32,16
2020-03-26,17,21,20
2020-03-26,18,14,17
2020-03-26,19,3,11
2020-03-26,20,1,0
2020-03-26,21,0,3
2020-03-26,22,0,0
2020-03-26,23,0,0
2020-03-27,0,0,0
2020-03-27,1,0,0
2020-03-27,2,0,0
2020-03-27,3,0,0
2020-03-27,4,0,0
2020-03-27,5,0,0
2020-03-27,6,2,0
2020-03-27,7,9,6
2020-03-27,8,2,3
2020-03-27,9,3,2
2020-03-27,10,12,5
2020-03-27,11,6,8
2020-03-27,12,2,4
2020-03-27,13,8,6
2020-03-27,14,4,7
2020-03-27,15,12,5
2020-03-27,16,35,15
2020-03-27,17,17,21
2020-03-27,18,8,7
2020-03-27,19,0,4
2020-03-27,20,1,2
2020-03-27,21,0,0
2020-03-27,22,0,0
2020-03-27,23,0,0
2020-03-28,0,0,0
2020-03-28,1,0,0
2020-03-28,2,0,0
2020-03-28,3,0,0
2020-03-28,4,0,0
2020-03-28,5,0,0
2020-03-28,6,1,0
2020-03-28,7,3,3
2020-03-28,8,0,1
2020-03-28,9,0,2
2020-03-28,10,1,2
2020-03-28,11,3,3
2020-03-28,12,4,2
2020-03-28,13,10,6
2020-03-28,14,27,24
2020-03-28,15,40,40
2020-03-28,16,36,39
2020-03-28,17,24,28
2020-03-28,18,17,14
2020-03-28,19,3,3
2020-03-28,20,0,0
2020-03-28,21,0,1
2020-03-28,22,0,0
2020-03-28,23,0,0
2020-03-29,0,0,0
2020-03-29,1,0,0
2020-03-29,2,0,0
2020-03-29,3,0,0
2020-03-29,4,0,0
2020-03-29,5,0,0
2020-03-29,6,1,0
2020-03-29,7,8,0
2020-03-29,8,9,13
2020-03-29,9,13,9
2020-03-29,10,37,27
2020-03-29,11,48,40
2020-03-29,12,67,38
2020-03-29,13,61,40
2020-03-29,14,97,45
2020-03-29,15,69,61
2020-03-29,16,55,53
2020-03-29,17,17,25
2020-03-29,18,17,14
2020-03-29,19,1,3
2020-03-29,20,2,1
2020-03-29,21,0,0
2020-03-29,22,0,2
2020-03-29,23,0,0
2020-03-30,0,0,0
2020-03-30,1,0,0
2020-03-30,2,0,0
2020-03-30,3,0,0
2020-03-30,4,1,0
2020-03-30,5,1,0
2020-03-30,6,2,0
2020-03-30,7,11,4
2020-03-30,8,21,8
2020-03-30,9,31,24
2020-03-30,10,21,26
2020-03-30,11,27,21
2020-03-30,12,33,23
2020-03-30,13,20,18
2020-03-30,14,23,28
2020-03-30,15,37,40
2020-03-30,16,43,31
2020-03-30,17,35,32
2020-03-30,18,15,17
2020-03-30,19,10,8
2020-03-30,20,0,0
2020-03-30,21,0,0
2020-03-30,22,0,1
2020-03-30,23,0,0
2020-03-31,0,0,0
2020-03-31,1,0,0
2020-03-31,2,0,0
2020-03-31,3,0,0
2020-03-31,4,0,0
2020-03-31,5,0,0
2020-03-31,6,3,0
2020-03-31,7,6,2
2020-03-31,8,9,9
2020-03-31,9,17,11
2020-03-31,10,18,18
2020-03-31,11,19,21
2020-03-31,12,20,16
2020-03-31,13,9,10
2020-03-31,14,15,8
2020-03-31,15,30,28
2020-03-31,16,53,50
2020-03-31,17,46,36
2020-03-31,18,29,33
2020-03-31,19,9,13
2020-03-31,20,0,3
2020-03-31,21,2,1
2020-03-31,22,0,2
2020-03-31,23,0,0
2020-04-01,0,0,0
2020-04-01,1,0,0
2020-04-01,2,0,0
2020-04-01,3,0,0
2020-04-01,4,1,0
2020-04-01,5,1,0
2020-04-01,6,3,0
2020-04-01,7,12,2
2020-04-01,8,12,7
2020-04-01,9,33,15
2020-04-01,10,52,27
2020-04-01,11,52,29
2020-04-01,12,45,34
2020-04-01,13,39,23
2020-04-01,14,57,42
2020-04-01,15,65,49
2020-04-01,16,48,35
2020-04-01,17,52,32
2020-04-01,18,25,29
2020-04-01,19,11,18
2020-04-01,20,0,2
2020-04-01,21,1,0
2020-04-01,22,1,0
2020-04-01,23,0,0
2020-04-02,0,0,0
2020-04-02,1,0,0
2020-04-02,2,0,0
2020-04-02,3,0,0
2020-04-02,4,0,0
2020-04-02,5,1,0
2020-04-02,6,1,0
2020-04-02,7,12,6
2020-04-02,8,18,15
2020-04-02,9,15,14
2020-04-02,10,25,21
2020-04-02,11,27,29
2020-04-02,12,32,29
2020-04-02,13,30,21
2020-04-02,14,36,27
2020-04-02,15,55,36
2020-04-02,16,75,42
2020-04-02,17,28,34
2020-04-02,18,20,14
2020-04-02,19,8,13
2020-04-02,20,2,2
2020-04-02,21,1,3
2020-04-02,22,1,1
2020-04-02,23,0,0
2020-04-03,0,0,0
2020-04-03,1,0,0
2020-04-03,2,0,0
2020-04-03,3,0,0
2020-04-03,4,3,2
2020-04-03,5,1,0
2020-04-03,6,3,0
2020-04-03,7,9,6
2020-04-03,8,19,11
2020-04-03,9,31,16
2020-04-03,10,40,23
2020-04-03,11,22,16
2020-04-03,12,39,30
2020-04-03,13,34,29
2020-04-03,14,50,36
2020-04-03,15,42,50
2020-04-03,16,56,25
2020-04-03,17,25,38
2020-04-03,18,14,23
2020-04-03,19,7,11
2020-04-03,20,1,0
2020-04-03,21,0,1
2020-04-03,22,0,2
2020-04-03,23,0,0
2020-04-04,0,0,0
2020-04-04,1,0,0
2020-04-04,2,0,0
2020-04-04,3,0,0
2020-04-04,4,0,0
2020-04-04,5,0,0
2020-04-04,6,2,1
2020-04-04,7,7,5
2020-04-04,8,22,10
2020-04-04,9,27,21
2020-04-04,10,42,33
2020-04-04,11,42,43
2020-04-04,12,38,29
2020-04-04,13,35,27
2020-04-04,14,58,45
2020-04-04,15,55,49
2020-04-04,16,39,47
2020-04-04,17,31,37
2020-04-04,18,10,10
2020-04-04,19,5,7
2020-04-04,20,0,1
2020-04-04,21,0,0
2020-04-04,22,0,0
2020-04-04,23,0,0
2020-04-05,0,0,0
2020-04-05,1,0,0
2020-04-05,2,0,0
2020-04-05,3,0,0
2020-04-05,4,0,0
2020-04-05,5,0,0
2020-04-05,6,5,0
2020-04-05,7,20,6
2020-04-05,8,30,22
2020-04-05,9,40,24
2020-04-05,10,55,28
2020-04-05,11,37,50
2020-04-05,12,33,41
2020-04-05,13,59,36
2020-04-05,14,66,56
2020-04-05,15,86,66
2020-04-05,16,54,43
2020-04-05,17,29,19
2020-04-05,18,6,12
2020-04-05,19,1,0
2020-04-05,20,0,1
2020-04-05,21,0,0
2020-04-05,22,0,0
2020-04-05,23,0,0
2020-04-06,0,0,0
2020-04-06,1,0,0
2020-04-06,2,0,0
2020-04-06,3,0,0
2020-04-06,4,1,0
2020-04-06,5,0,0
2020-04-06,6,5,2
2020-04-06,7,19,6
2020-04-06,8,21,18
2020-04-06,9,15,20
2020-04-06,10,28,23
2020-04-06,11,39,22
2020-04-06,12,20,26
2020-04-06,13,31,18
2020-04-06,14,58,37
2020-04-06,15,67,51
2020-04-06,16,51,55
2020-04-06,17,30,35
2020-04-06,18,4,13
2020-04-06,19,0,1
2020-04-06,20,1,2
2020-04-06,21,0,1
2020-04-06,22,1,4
2020-04-06,23,0,0
2020-04-07,0,0,0
2020-04-07,1,0,0
2020-04-07,2,0,0
2020-04-07,3,0,0
2020-04-07,4,0,0
2020-04-07,5,1,0
2020-04-07,6,7,1
2020-04-07,7,16,13
2020-04-07,8,18,11
2020-04-07,9,21,19
2020-04-07,10,19,12
2020-04-07,11,42,28
2020-04-07,12,24,18
2020-04-07,13,37,23
2020-04-07,14,32,35
2020-04-07,15,39,37
2020-04-07,16,48,42
2020-04-07,17,45,27
2020-04-07,18,6,8
2020-04-07,19,0,4
2020-04-07,20,0,1
2020-04-07,21,1,1
2020-04-07,22,0,1
2020-04-07,23,0,0
2020-04-08,0,0,1
2020-04-08,1,0,0
2020-04-08,2,0,0
2020-04-08,3,0,0
2020-04-08,4,0,0
2020-04-08,5,0,0
2020-04-08,6,0,0
2020-04-08,7,9,8
2020-04-08,8,9,3
2020-04-08,9,2,2
2020-04-08,10,5,5
2020-04-08,11,5,7
2020-04-08,12,12,7
2020-04-08,13,17,13
2020-04-08,14,24,19
2020-04-08,15,37,26
2020-04-08,16,50,36
2020-04-08,17,31,40
2020-04-08,18,2,8
2020-04-08,19,1,2
2020-04-08,20,2,1
2020-04-08,21,1,0
2020-04-08,22,0,2
2020-04-08,23,0,0
2020-04-09,0,0,0
2020-04-09,1,0,0
2020-04-09,2,0,0
2020-04-09,3,0,0
2020-04-09,4,1,0
2020-04-09,5,2,0
2020-04-09,6,8,3
2020-04-09,7,14,9
2020-04-09,8,27,14
2020-04-09,9,23,16
2020-04-09,10,22,23
2020-04-09,11,23,19
2020-04-09,12,6,18
2020-04-09,13,25,12
2020-04-09,14,25,20
2020-04-09,15,38,24
2020-04-09,16,32,33
2020-04-09,17,22,15
2020-04-09,18,7,6
2020-04-09,19,2,3
2020-04-09,20,0,0
2020-04-09,21,1,1
2020-04-09,22,0,2
2020-04-09,23,0,0
2020-04-10,0,0,0
2020-04-10,1,1,1
2020-04-10,2,0,0
2020-04-10,3,0,0
2020-04-10,4,0,0
2020-04-10,5,0,0
2020-04-10,6,5,3
2020-04-10,7,17,9
2020-04-10,8,21,21
2020-04-10,9,30,33
2020-04-10,10,43,38
2020-04-10,11,57,32
2020-04-10,12,35,39
2020-04-10,13,54,31
2020-04-10,14,64,51
2020-04-10,15,70,54
2020-04-10,16,66,66
2020-04-10,17,19,25
2020-04-10,18,4,7
2020-04-10,19,0,1
2020-04-10,20,0,1
2020-04-10,21,0,0
2020-04-10,22,0,2
2020-04-10,23,0,0
2020-04-11,0,0,0
2020-04-11,1,0,0
2020-04-11,2,0,0
2020-04-11,3,0,0
2020-04-11,4,1,0
2020-04-11,5,0,0
2020-04-11,6,4,1
2020-04-11,7,7,3
2020-04-11,8,21,11
2020-04-11,9,38,21
2020-04-11,10,45,31
2020-04-11,11,45,59
2020-04-11,12,57,49
2020-04-11,13,36,37
2020-04-11,14,71,50
2020-04-11,15,59,43
2020-04-11,16,53,32
2020-04-11,17,28,33
2020-04-11,18,3,8
2020-04-11,19,1,0
2020-04-11,20,0,0
2020-04-11,21,0,0
2020-04-11,22,0,0
2020-04-11,23,0,0
2020-04-12,0,0,0
2020-04-12,1,0,0
2020-04-12,2,0,0
2020-04-12,3,0,0
2020-04-12,4,0,0
2020-04-12,5,0,0
2020-04-12,6,2,1
2020-04-12,7,14,11
2020-04-12,8,25,25
2020-04-12,9,38,28
2020-04-12,10,46,38
2020-04-12,11,54,41
2020-04-12,12,38,27
2020-04-12,13,51,46
2020-04-12,14,51,32
2020-04-12,15,37,51
2020-04-12,16,62,28
2020-04-12,17,42,32
2020-04-12,18,7,12
2020-04-12,19,0,0
2020-04-12,20,0,0
2020-04-12,21,0,0
2020-04-12,22,0,0
2020-04-12,23,0,0
2020-04-13,0,0,0
2020-04-13,1,0,0
2020-04-13,2,0,0
2020-04-13,3,0,0
2020-04-13,4,0,0
2020-04-13,5,0,0
2020-04-13,6,2,0
2020-04-13,7,5,4
2020-04-13,8,1,2
2020-04-13,9,5,2
2020-04-13,10,8,5
2020-04-13,11,11,10
2020-04-13,12,5,5
2020-04-13,13,2,3
2020-04-13,14,4,0
2020-04-13,15,8,4
2020-04-13,16,15,16
2020-04-13,17,6,5
2020-04-13,18,1,4
2020-04-13,19,0,0
2020-04-13,20,1,0
2020-04-13,21,0,0
2020-04-13,22,0,0
2020-04-13,23,0,0
2020-04-14,0,0,0
2020-04-14,1,0,0
2020-04-14,2,0,0
2020-04-14,3,0,0
2020-04-14,4,0,0
2020-04-14,5,0,0
2020-04-14,6,1,1
2020-04-14,7,7,4
2020-04-14,8,6,2
2020-04-14,9,6,10
2020-04-14,10,15,10
2020-04-14,11,28,22
2020-04-14,12,19,14
2020-04-14,13,29,7
2020-04-14,14,44,44
2020-04-14,15,49,43
2020-04-14,16,66,40
2020-04-14,17,22,34
2020-04-14,18,5,7
2020-04-14,19,1,0
2020-04-14,20,1,0
2020-04-14,21,0,1
2020-04-14,22,0,2
2020-04-14,23,0,0
2020-04-15,0,0,0
2020-04-15,1,0,0
2020-04-15,2,0,0
2020-04-15,3,0,0
2020-04-15,4,0,0
2020-04-15,5,0,0
2020-04-15,6,4,2
2020-04-15,7,13,4
2020-04-15,8,18,4
2020-04-15,9,28,15
2020-04-15,10,30,29
2020-04-15,11,34,26
2020-04-15,12,30,18
2020-04-15,13,27,27
2020-04-15,14,55,38
2020-04-15,15,49,32
2020-04-15,16,50,43
2020-04-15,17,18,31
2020-04-15,18,5,4
2020-04-15,19,0,2
2020-04-15,20,0,0
2020-04-15,21,0,1
2020-04-15,22,0,1
2020-04-15,23,0,0
2020-04-16,0,0,0
2020-04-16,1,0,0
2020-04-16,2,0,0
2020-04-16,3,0,0
2020-04-16,4,0,0
2020-04-16,5,0,0
2020-04-16,6,4,2
2020-04-16,7,12,9
2020-04-16,8,15,9
2020-04-16,9,14,7
2020-04-16,10,14,20
2020-04-16,11,18,16
2020-04-16,12,11,10
2020-04-16,13,10,7
2020-04-16,14,0,3
2020-04-16,15,19,5
2020-04-16,16,27,19
2020-04-16,17,15,20
2020-04-16,18,6,4
2020-04-16,19,3,2
2020-04-16,20,0,2
2020-04-16,21,0,1
2020-04-16,22,0,2
2020-04-16,23,0,0
2020-04-17,0,0,0
2020-04-17,1,0,0
2020-04-17,2,0,0
2020-04-17,3,0,0
2020-04-17,4,0,0
2020-04-17,5,0,0
2020-04-17,6,2,1
2020-04-17,7,10,5
2020-04-17,8,16,5
2020-04-17,9,14,14
2020-04-17,10,12,9
2020-04-17,11,10,7
2020-04-17,12,12,26
2020-04-17,13,13,6
2020-04-17,14,27,19
2020-04-17,15,35,24
2020-04-17,16,22,32
2020-04-17,17,3,9
2020-04-17,18,3,1
2020-04-17,19,1,2
2020-04-17,20,0,0
2020-04-17,21,0,0
2020-04-17,22,0,0
2020-04-17,23,0,0
2020-04-18,0,0,0
2020-04-18,1,0,0
2020-04-18,2,0,0
2020-04-18,3,0,0
2020-04-18,4,0,0
2020-04-18,5,0,0
2020-04-18,6,2,2
2020-04-18,7,3,0
2020-04-18,8,4,4
2020-04-18,9,17,9
2020-04-18,10,33,15
2020-04-18,11,28,27
2020-04-18,12,18,13
2020-04-18,13,4,7
2020-04-18,14,10,6
2020-04-18,15,37,12
2020-04-18,16,22,24
2020-04-18,17,14,23
2020-04-18,18,3,4
2020-04-18,19,0,0
2020-04-18,20,0,0
2020-04-18,21,0,0
2020-04-18,22,0,1
2020-04-18,23,0,0
2020-04-19,0,0,0
2020-04-19,1,0,0
2020-04-19,2,0,0
2020-04-19,3,0,0
2020-04-19,4,0,0
2020-04-19,5,0,0
2020-04-19,6,0,1
2020-04-19,7,2,0
2020-04-19,8,8,7
2020-04-19,9,28,17
2020-04-19,10,42,29
2020-04-19,11,24,25
2020-04-19,12,28,27
2020-04-19,13,22,15
2020-04-19,14,46,31
2020-04-19,15,41,19
2020-04-19,16,33,31
2020-04-19,17,21,18
2020-04-19,18,2,6
2020-04-19,19,1,2
2020-04-19,20,0,0
2020-04-19,21,0,0
2020-04-19,22,2,0
2020-04-19,23,0,0
2020-04-20,0,0,0
2020-04-20,1,0,0
2020-04-20,2,0,0
2020-04-20,3,0,0
2020-04-20,4,0,0
2020-04-20,5,0,0
2020-04-20,6,5,1
2020-04-20,7,10,5
2020-04-20,8,10,11
2020-04-20,9,19,14
2020-04-20,10,20,17
2020-04-20,11,38,20
2020-04-20,12,24,18
2020-04-20,13,36,26
2020-04-20,14,39,46
2020-04-20,15,33,31
2020-04-20,16,45,26
2020-04-20,17,28,37
2020-04-20,18,3,5
2020-04-20,19,0,0
2020-04-20,20,2,1
2020-04-20,21,0,1
2020-04-20,22,0,1
2020-04-20,23,0,0
2020-04-21,0,0,0
2020-04-21,1,0,0
2020-04-21,2,0,0
2020-04-21,3,0,0
2020-04-21,4,0,0
2020-04-21,5,2,0
2020-04-21,6,7,0
2020-04-21,7,20,5
2020-04-21,8,8,9
2020-04-21,9,19,12
2020-04-21,10,16,17
2020-04-21,11,19,17
2020-04-21,12,35,18
2020-04-21,13,30,29
2020-04-21,14,55,45
2020-04-21,15,57,39
2020-04-21,16,49,67
2020-04-21,17,36,44
2020-04-21,18,14,9
2020-04-21,19,1,3
2020-04-21,20,0,1
2020-04-21,21,0,2
2020-04-21,22,1,2
2020-04-21,23,0,0
2020-04-22,0,0,0
2020-04-22,1,0,0
2020-04-22,2,0,0
2020-04-22,3,0,0
2020-04-22,4,0,0
2020-04-22,5,0,0
2020-04-22,6,4,3
2020-04-22,7,21,8
2020-04-22,8,25,16
2020-04-22,9,19,14
2020-04-22,10,23,27
2020-04-22,11,40,24
2020-04-22,12,24,30
2020-04-22,13,40,17
2020-04-22,14,47,51
2020-04-22,15,41,27
2020-04-22,16,56,50
2020-04-22,17,29,32
2020-04-22,18,4,11
2020-04-22,19,1,1
2020-04-22,20,1,2
2020-04-22,21,0,0
2020-04-22,22,0,1
2020-04-22,23,0,0
2020-04-23,0,0,0
2020-04-23,1,0,0
2020-04-23,2,0,0
2020-04-23,3,0,0
2020-04-23,4,0,0
2020-04-23,5,0,0
2020-04-23,6,5,0
2020-04-23,7,10,8
2020-04-23,8,25,11
2020-04-23,9,13,17
2020-04-23,10,27,21
2020-04-23,11,23,32
2020-04-23,12,37,32
2020-04-23,13,42,28
2020-04-23,14,54,41
2020-04-23,15,59,47
2020-04-23,16,50,50
2020-04-23,17,35,46
2020-04-23,18,8,8
2020-04-23,19,2,1
2020-04-23,20,0,2
2020-04-23,21,0,0
2020-04-23,22,1,2
2020-04-23,23,0,1
2020-04-24,0,0,0
2020-04-24,1,0,0
2020-04-24,2,0,0
2020-04-24,3,0,0
2020-04-24,4,1,0
2020-04-24,5,0,0
2020-04-24,6,5,1
2020-04-24,7,18,8
2020-04-24,8,25,15
2020-04-24,9,15,11
2020-04-24,10,38,28
2020-04-24,11,21,19
2020-04-24,12,12,22
2020-04-24,13,26,22
2020-04-24,14,51,31
2020-04-24,15,53,40
2020-04-24,16,48,49
2020-04-24,17,28,22
2020-04-24,18,3,2
2020-04-24,19,1,3
2020-04-24,20,0,0
2020-04-24,21,0,1
2020-04-24,22,0,0
2020-04-24,23,2,0
2020-04-25,0,0,0
2020-04-25,1,0,0
2020-04-25,2,0,0
2020-04-25,3,0,0
2020-04-25,4,0,0
2020-04-25,5,0,0
2020-04-25,6,3,0
2020-04-25,7,14,9
2020-04-25,8,7,10
2020-04-25,9,24,15
2020-04-25,10,27,20
2020-04-25,11,41,30
2020-04-25,12,23,27
2020-04-25,13,12,18
2020-04-25,14,15,18
2020-04-25,15,15,15
2020-04-25,16,26,15
2020-04-25,17,15,17
2020-04-25,18,1,2
2020-04-25,19,0,1
2020-04-25,20,4,4
2020-04-25,21,1,1
2020-04-25,22,0,0
2020-04-25,23,0,0
2020-04-26,0,0,0
2020-04-26,1,0,0
2020-04-26,2,0,0
2020-04-26,3,0,0
2020-04-26,4,1,0
2020-04-26,5,0,0
2020-04-26,6,3,0
2020-04-26,7,11,2
2020-04-26,8,32,23
2020-04-26,9,66,33
2020-04-26,10,75,41
2020-04-26,11,96,83
2020-04-26,12,83,58
2020-04-26,13,92,40
2020-04-26,14,105,73
2020-04-26,15,85,65
2020-04-26,16,52,76
2020-04-26,17,22,28
2020-04-26,18,2,4
2020-04-26,19,1,1
2020-04-26,20,3,1
2020-04-26,21,1,0
2020-04-26,22,0,0
2020-04-26,23,0,1
2020-04-27,0,0,0
2020-04-27,1,0,0
2020-04-27,2,0,0
2020-04-27,3,0,0
2020-04-27,4,1,0
2020-04-27,5,0,0
2020-04-27,6,4,0
2020-04-27,7,9,8
2020-04-27,8,34,18
2020-04-27,9,33,30
2020-04-27,10,41,34
2020-04-27,11,40,31
2020-04-27,12,26,37
2020-04-27,13,35,25
2020-04-27,14,33,45
2020-04-27,15,45,34
2020-04-27,16,35,27
2020-04-27,17,17,26
2020-04-27,18,2,1
2020-04-27,19,0,1
2020-04-27,20,1,1
2020-04-27,21,0,0
2020-04-27,22,0,0
2020-04-27,23,0,0
2020-04-28,0,0,0
2020-04-28,1,0,0
2020-04-28,2,0,0
2020-04-28,3,0,0
2020-04-28,4,0,0
2020-04-28,5,0,0
2020-04-28,6,6,1
2020-04-28,7,19,6
2020-04-28,8,15,13
2020-04-28,9,20,11
2020-04-28,10,20,12
2020-04-28,11,27,18
2020-04-28,12,14,22
2020-04-28,13,25,22
2020-04-28,14,20,26
2020-04-28,15,50,30
2020-04-28,16,51,37
2020-04-28,17,34,36
2020-04-28,18,4,2
2020-04-28,19,2,3
2020-04-28,20,1,0
2020-04-28,21,0,2
2020-04-28,22,0,1
2020-04-28,23,0,0
2020-04-29,0,0,0
2020-04-29,1,0,0
2020-04-29,2,0,0
2020-04-29,3,0,0
2020-04-29,4,0,0
2020-04-29,5,1,0
2020-04-29,6,5,0
2020-04-29,7,18,9
2020-04-29,8,24,9
2020-04-29,9,22,18
2020-04-29,10,16,10
2020-04-29,11,31,20
2020-04-29,12,29,30
2020-04-29,13,30,23
2020-04-29,14,35,24
2020-04-29,15,51,44
2020-04-29,16,54,25
2020-04-29,17,34,32
2020-04-29,18,8,12
2020-04-29,19,2,5
2020-04-29,20,2,0
2020-04-29,21,0,5
2020-04-29,22,0,0
2020-04-29,23,1,0
2020-04-30,0,0,0
2020-04-30,1,0,0
2020-04-30,2,0,0
2020-04-30,3,0,0
2020-04-30,4,0,0
2020-04-30,5,0,0
2020-04-30,6,2,1
2020-04-30,7,23,6
2020-04-30,8,21,13
2020-04-30,9,17,14
2020-04-30,10,23,6
2020-04-30,11,16,22
2020-04-30,12,15,15
2020-04-30,13,16,7
2020-04-30,14,22,24
2020-04-30,15,26,23
2020-04-30,16,32,31
2020-04-30,17,27,18
2020-04-30,18,8,13
2020-04-30,19,0,1
2020-04-30,20,1,1
2020-04-30,21,1,1
2020-04-30,22,1,1
2020-04-30,23,0,0
2020-05-01,0,0,0
2020-05-01,1,0,0
2020-05-01,2,0,0
2020-05-01,3,0,0
2020-05-01,4,0,0
2020-05-01,5,2,0
2020-05-01,6,9,3
2020-05-01,7,26,11
2020-05-01,8,26,21
2020-05-01,9,8,10
2020-05-01,10,12,8
2020-05-01,11,27,18
2020-05-01,12,13,15
2020-05-01,13,19,15
2020-05-01,14,28,24
2020-05-01,15,25,25
2020-05-01,16,41,45
2020-05-01,17,14,24
2020-05-01,18,0,3
2020-05-01,19,1,1
2020-05-01,20,1,1
2020-05-01,21,1,1
2020-05-01,22,0,1
2020-05-01,23,0,0
2020-05-02,0,0,0
2020-05-02,1,0,0
2020-05-02,2,0,0
2020-05-02,3,0,0
2020-05-02,4,1,0
2020-05-02,5,0,0
2020-05-02,6,6,1
2020-05-02,7,18,11
2020-05-02,8,15,15
2020-05-02,9,30,23
2020-05-02,10,42,31
2020-05-02,11,53,33
2020-05-02,12,35,40
2020-05-02,13,55,39
2020-05-02,14,58,39
2020-05-02,15,45,48
2020-05-02,16,43,44
2020-05-02,17,8,32
2020-05-02,18,5,5
2020-05-02,19,0,2
2020-05-02,20,1,1
2020-05-02,21,0,0
2020-05-02,22,0,0
2020-05-02,23,1,0
2020-05-03,0,0,0
2020-05-03,1,0,0
2020-05-03,2,0,0
2020-05-03,3,0,0
2020-05-03,4,1,0
2020-05-03,5,1,0
2020-05-03,6,5,2
2020-05-03,7,10,5
2020-05-03,8,13,10
2020-05-03,9,27,17
2020-05-03,10,31,38
2020-05-03,11,30,21
2020-05-03,12,21,23
2020-05-03,13,16,11
2020-05-03,14,10,11
2020-05-03,15,22,7
2020-05-03,16,22,23
2020-05-03,17,9,11
2020-05-03,18,0,1
2020-05-03,19,0,1
2020-05-03,20,2,0
2020-05-03,21,0,1
2020-05-03,22,0,0
2020-05-03,23,0,0
2020-05-04,0,0,0
2020-05-04,1,0,0
2020-05-04,2,0,0
2020-05-04,3,0,0
2020-05-04,4,0,0
2020-05-04,5,0,0
2020-05-04,6,4,1
2020-05-04,7,13,3
2020-05-04,8,7,9
2020-05-04,9,1,0
2020-05-04,10,7,3
2020-05-04,11,12,14
2020-05-04,12,13,14
2020-05-04,13,14,5
2020-05-04,14,25,29
2020-05-04,15,29,21
2020-05-04,16,40,21
2020-05-04,17,21,18
2020-05-04,18,6,8
2020-05-04,19,1,0
2020-05-04,20,0,1
2020-05-04,21,0,1
2020-05-04,22,0,1
2020-05-04,23,0,0
2020-05-05,0,0,0
2020-05-05,1,0,0
2020-05-05,2,0,0
2020-05-05,3,0,0
2020-05-05,4,0,0
2020-05-05,5,0,0
2020-05-05,6,3,1
2020-05-05,7,8,1
2020-05-05,8,17,8
2020-05-05,9,5,8
2020-05-05,10,8,5
2020-05-05,11,10,14
2020-05-05,12,6,6
2020-05-05,13,9,7
2020-05-05,14,5,5
2020-05-05,15,10,16
2020-05-05,16,9,8
2020-05-05,17,4,11
2020-05-05,18,2,2
2020-05-05,19,0,1
2020-05-05,20,1,0
2020-05-05,21,0,0
2020-05-05,22,0,1
2020-05-05,23,0,0
2020-05-06,0,0,0
2020-05-06,1,0,0
2020-05-06,2,0,0
2020-05-06,3,0,0
2020-05-06,4,1,0
2020-05-06,5,3,0
2020-05-06,6,9,0
2020-05-06,7,19,1
2020-05-06,8,19,23
2020-05-06,9,19,6
2020-05-06,10,22,16
2020-05-06,11,23,31
2020-05-06,12,31,28
2020-05-06,13,28,28
2020-05-06,14,34,31
2020-05-06,15,46,52
2020-05-06,16,52,36
2020-05-06,17,27,48
2020-05-06,18,2,12
2020-05-06,19,2,1
2020-05-06,20,3,1
2020-05-06,21,0,3
2020-05-06,22,0,1
2020-05-06,23,0,0
2020-05-07,0,0,0
2020-05-07,1,0,0
2020-05-07,2,0,0
2020-05-07,3,0,0
2020-05-07,4,2,0
2020-05-07,5,0,0
2020-05-07,6,10,0
2020-05-07,7,15,10
2020-05-07,8,19,8
2020-05-07,9,9,6
2020-05-07,10,17,6
2020-05-07,11,12,12
2020-05-07,12,9,11
2020-05-07,13,11,6
2020-05-07,14,14,16
2020-05-07,15,25,20
2020-05-07,16,29,28
2020-05-07,17,21,15
2020-05-07,18,3,2
2020-05-07,19,2,0
2020-05-07,20,1,0
2020-05-07,21,0,0
2020-05-07,22,1,0
2020-05-07,23,0,1
2020-05-08,0,1,0
2020-05-08,1,0,0
2020-05-08,2,0,0
2020-05-08,3,0,0
2020-05-08,4,0,0
2020-05-08,5,0,0
2020-05-08,6,9,0
2020-05-08,7,22,7
2020-05-08,8,29,6
2020-05-08,9,22,23
2020-05-08,10,15,6
2020-05-08,11,26,18
2020-05-08,12,22,23
2020-05-08,13,34,20
2020-05-08,14,37,41
2020-05-08,15,36,39
2020-05-08,16,52,40
2020-05-08,17,25,21
2020-05-08,18,3,5
2020-05-08,19,1,1
2020-05-08,20,0,4
2020-05-08,21,1,0
2020-05-08,22,0,4
2020-05-08,23,0,0
2020-05-09,0,1,2
2020-05-09,1,1,0
2020-05-09,2,0,0
2020-05-09,3,0,0
2020-05-09,4,0,0
2020-05-09,5,0,0
2020-05-09,6,3,1
2020-05-09,7,8,7
2020-05-09,8,34,20
2020-05-09,9,36,45
2020-05-09,10,40,35
2020-05-09,11,45,40
2020-05-09,12,61,43
2020-05-09,13,75,35
2020-05-09,14,77,81
2020-05-09,15,87,68
2020-05-09,16,64,78
2020-05-09,17,30,34
2020-05-09,18,3,3
2020-05-09,19,2,1
2020-05-09,20,0,0
2020-05-09,21,0,0
2020-05-09,22,1,1
2020-05-09,23,0,0
2020-05-10,0,0,0
2020-05-10,1,0,0
2020-05-10,2,0,0
2020-05-10,3,0,0
2020-05-10,4,0,0
2020-05-10,5,0,0
2020-05-10,6,5,1
2020-05-10,7,11,6
2020-05-10,8,31,10
2020-05-10,9,36,30
2020-05-10,10,59,47
2020-05-10,11,73,47
2020-05-10,12,52,72
2020-05-10,13,43,51
2020-05-10,14,64,55
2020-05-10,15,51,61
2020-05-10,16,38,45
2020-05-10,17,11,9
2020-05-10,18,2,4
2020-05-10,19,4,2
2020-05-10,20,1,0
2020-05-10,21,0,0
2020-05-10,22,1,1
2020-05-10,23,0,0
2020-05-11,0,0,0
2020-05-11,1,0,0
2020-05-11,2,0,0
2020-05-11,3,0,0
2020-05-11,4,0,0
2020-05-11,5,1,0
2020-05-11,6,7,5
2020-05-11,7,25,10
2020-05-11,8,19,11
2020-05-11,9,19,5
2020-05-11,10,28,24
2020-05-11,11,19,20
2020-05-11,12,18,17
2020-05-11,13,38,20
2020-05-11,14,48,33
2020-05-11,15,43,38
2020-05-11,16,40,30
2020-05-11,17,31,29
2020-05-11,18,3,7
2020-05-11,19,2,0
2020-05-11,20,1,0
2020-05-11,21,0,0
2020-05-11,22,0,1
2020-05-11,23,0,0
2020-05-12,0,0,0
2020-05-12,1,0,0
2020-05-12,2,0,0
2020-05-12,3,0,0
2020-05-12,4,0,0
2020-05-12,5,1,0
2020-05-12,6,7,1
2020-05-12,7,26,9
2020-05-12,8,26,17
2020-05-12,9,20,18
2020-05-12,10,25,11
2020-05-12,11,21,20
2020-05-12,12,34,26
2020-05-12,13,24,27
2020-05-12,14,54,34
2020-05-12,15,38,48
2020-05-12,16,50,52
2020-05-12,17,13,18
2020-05-12,18,1,4
2020-05-12,19,1,0
2020-05-12,20,1,1
2020-05-12,21,0,2
2020-05-12,22,0,0
2020-05-12,23,0,0
2020-05-13,0,0,0
2020-05-13,1,1,2
2020-05-13,2,0,0
2020-05-13,3,0,0
2020-05-13,4,0,0
2020-05-13,5,0,0
2020-05-13,6,3,3
2020-05-13,7,22,11
2020-05-13,8,19,14
2020-05-13,9,21,15
2020-05-13,10,13,17
2020-05-13,11,19,17
2020-05-13,12,14,19
2020-05-13,13,22,14
2020-05-13,14,25,27
2020-05-13,15,54,40
2020-05-13,16,34,46
2020-05-13,17,22,21
2020-05-13,18,4,5
2020-05-13,19,0,2
2020-05-13,20,0,2
2020-05-13,21,0,1
2020-05-13,22,0,4
2020-05-13,23,0,0
2020-05-14,0,0,0
2020-05-14,1,0,0
2020-05-14,2,0,0
2020-05-14,3,1,0
2020-05-14,4,0,0
2020-05-14,5,1,0
2020-05-14,6,4,0
2020-05-14,7,26,8
2020-05-14,8,19,10
2020-05-14,9,9,7
2020-05-14,10,19,4
2020-05-14,11,15,13
2020-05-14,12,18,16
2020-05-14,13,20,26
2020-05-14,14,17,15
2020-05-14,15,37,28
2020-05-14,16,29,40
2020-05-14,17,13,20
2020-05-14,18,1,7
2020-05-14,19,0,0
2020-05-14,20,0,1
2020-05-14,21,0,0
2020-05-14,22,0,2
2020-05-14,23,0,0
2020-05-15,0,0,0
2020-05-15,1,0,0
2020-05-15,2,0,0
2020-05-15,3,1,0
2020-05-15,4,0,0
2020-05-15,5,4,0
2020-05-15,6,6,3
2020-05-15,7,17,4
2020-05-15,8,25,11
2020-05-15,9,18,15
2020-05-15,10,20,17
2020-05-15,11,20,11
2020-05-15,12,24,18
2020-05-15,13,41,30
2020-05-15,14,26,26
2020-05-15,15,29,26
2020-05-15,16,19,25
2020-05-15,17,11,20
2020-05-15,18,2,3
2020-05-15,19,0,1
2020-05-15,20,0,1
2020-05-15,21,0,0
2020-05-15,22,0,1
2020-05-15,23,0,0
2020-05-16,0,0,0
2020-05-16,1,0,0
2020-05-16,2,0,0
2020-05-16,3,0,1
2020-05-16,4,0,0
2020-05-16,5,0,0
2020-05-16,6,4,1
2020-05-16,7,11,5
2020-05-16,8,18,19
2020-05-16,9,21,19
2020-05-16,10,16,16
2020-05-16,11,23,20
2020-05-16,12,21,26
2020-05-16,13,26,28
2020-05-16,14,37,19
2020-05-16,15,31,38
2020-05-16,16,21,16
2020-05-16,17,12,11
2020-05-16,18,2,1
2020-05-16,19,0,0
2020-05-16,20,0,0
2020-05-16,21,0,0
2020-05-16,22,0,0
2020-05-16,23,0,0
2020-05-17,0,1,0
2020-05-17,1,0,0
2020-05-17,2,0,0
2020-05-17,3,0,0
2020-05-17,4,0,0
2020-05-17,5,0,0
2020-05-17,6,4,0
2020-05-17,7,15,9
2020-05-17,8,30,20
2020-05-17,9,31,9
2020-05-17,10,36,25
2020-05-17,11,54,58
2020-05-17,12,19,42
2020-05-17,13,41,19
2020-05-17,14,61,35
2020-05-17,15,46,50
2020-05-17,16,41,39
2020-05-17,17,10,20
2020-05-17,18,2,1
2020-05-17,19,0,0
2020-05-17,20,1,1
2020-05-17,21,0,0
2020-05-17,22,0,0
2020-05-17,23,0,0
2020-05-18,0,0,0
2020-05-18,1,0,0
2020-05-18,2,0,0
2020-05-18,3,0,0
2020-05-18,4,1,0
2020-05-18,5,1,0
2020-05-18,6,9,0
2020-05-18,7,37,11
2020-05-18,8,21,4
2020-05-18,9,19,9
2020-05-18,10,13,12
2020-05-18,11,16,12
2020-05-18,12,25,16
2020-05-18,13,25,19
2020-05-18,14,26,34
2020-05-18,15,28,25
2020-05-18,16,33,46
2020-05-18,17,14,22
2020-05-18,18,7,7
2020-05-18,19,1,1
2020-05-18,20,0,0
2020-05-18,21,0,2
2020-05-18,22,0,0
2020-05-18,23,0,0
2020-05-19,0,0,0
2020-05-19,1,0,0
2020-05-19,2,1,0
2020-05-19,3,0,0
2020-05-19,4,1,0
2020-05-19,5,1,0
2020-05-19,6,7,3
2020-05-19,7,42,12
2020-05-19,8,25,7
2020-05-19,9,15,7
2020-05-19,10,19,12
2020-05-19,11,9,6
2020-05-19,12,16,16
2020-05-19,13,13,15
2020-05-19,14,14,20
2020-05-19,15,15,29
2020-05-19,16,25,52
2020-05-19,17,11,24
2020-05-19,18,3,2
2020-05-19,19,0,0
2020-05-19,20,1,0
2020-05-19,21,0,3
2020-05-19,22,0,1
2020-05-19,23,1,0
2020-05-20,0,0,0
2020-05-20,1,0,0
2020-05-20,2,0,0
2020-05-20,3,0,0
2020-05-20,4,1,0
2020-05-20,5,0,0
2020-05-20,6,9,4
2020-05-20,7,41,12
2020-05-20,8,17,7
2020-05-20,9,15,6
2020-05-20,10,17,12
2020-05-20,11,14,15
2020-05-20,12,20,25
2020-05-20,13,19,17
2020-05-20,14,22,33
2020-05-20,15,19,33
2020-05-20,16,31,48
2020-05-20,17,9,26
2020-05-20,18,9,8
2020-05-20,19,1,6
2020-05-20,20,2,5
2020-05-20,21,0,1
2020-05-20,22,0,0
2020-05-20,23,0,0
2020-05-21,0,0,0
2020-05-21,1,0,0
2020-05-21,2,0,0
2020-05-21,3,1,0
2020-05-21,4,0,0
2020-05-21,5,1,1
2020-05-21,6,8,3
2020-05-21,7,26,8
2020-05-21,8,25,8
2020-05-21,9,10,13
2020-05-21,10,19,10
2020-05-21,11,16,13
2020-05-21,12,13,19
2020-05-21,13,19,18
2020-05-21,14,13,21
2020-05-21,15,25,23
2020-05-21,16,29,48
2020-05-21,17,11,32
2020-05-21,18,6,5
2020-05-21,19,2,7
2020-05-21,20,0,2
2020-05-21,21,1,2
2020-05-21,22,0,1
2020-05-21,23,0,0
2020-05-22,0,0,0
2020-05-22,1,0,0
2020-05-22,2,1,0
2020-05-22,3,0,0
2020-05-22,4,0,0
2020-05-22,5,0,1
2020-05-22,6,13,2
2020-05-22,7,25,4
2020-05-22,8,24,5
2020-05-22,9,19,6
2020-05-22,10,11,12
2020-05-22,11,11,11
2020-05-22,12,7,12
2020-05-22,13,19,17
2020-05-22,14,21,18
2020-05-22,15,11,19
2020-05-22,16,18,37
2020-05-22,17,6,17
2020-05-22,18,0,3
2020-05-22,19,1,3
2020-05-22,20,2,4
2020-05-22,21,0,2
2020-05-22,22,0,1
2020-05-22,23,3,3
2020-05-23,0,0,0
2020-05-23,1,0,0
2020-05-23,2,0,0
2020-05-23,3,0,0
2020-05-23,4,0,0
2020-05-23,5,0,0
2020-05-23,6,4,2
2020-05-23,7,7,3
2020-05-23,8,23,21
2020-05-23,9,47,24
2020-05-23,10,27,29
2020-05-23,11,29,35
2020-05-23,12,29,35
2020-05-23,13,38,39
2020-05-23,14,41,30
2020-05-23,15,49,36
2020-05-23,16,22,30
2020-05-23,17,4,13
2020-05-23,18,0,2
2020-05-23,19,1,0
2020-05-23,20,0,0
2020-05-23,21,0,2
2020-05-23,22,0,1
2020-05-23,23,0,1
2020-05-24,0,0,0
2020-05-24,1,0,0
2020-05-24,2,0,0
2020-05-24,3,0,0
2020-05-24,4,0,0
2020-05-24,5,0,0
2020-05-24,6,4,0
2020-05-24,7,6,13
2020-05-24,8,23,13
2020-05-24,9,26,12
2020-05-24,10,26,19
2020-05-24,11,34,29
2020-05-24,12,18,25
2020-05-24,13,19,10
2020-05-24,14,17,32
2020-05-24,15,23,18
2020-05-24,16,31,16
2020-05-24,17,5,11
2020-05-24,18,0,1
2020-05-24,19,0,0
2020-05-24,20,0,0
2020-05-24,21,0,0
2020-05-24,22,0,0
2020-05-24,23,0,0
2020-05-25,0,0,0
2020-05-25,1,0,0
2020-05-25,2,0,0
2020-05-25,3,0,0
2020-05-25,4,0,0
2020-05-25,5,0,0
2020-05-25,6,0,0
2020-05-25,7,11,0
2020-05-25,8,11,5
2020-05-25,9,0,0
2020-05-25,10,6,0
2020-05-25,11,2,1
2020-05-25,12,3,2
2020-05-25,13,6,3
2020-05-25,14,5,9
2020-05-25,15,5,6
2020-05-25,16,8,18
2020-05-25,17,8,6
2020-05-25,18,0,6
2020-05-25,19,2,0
2020-05-25,20,0,0
2020-05-25,21,0,1
2020-05-25,22,0,2
2020-05-25,23,0,0
2020-05-26,0,0,0
2020-05-26,1,0,0
2020-05-26,2,1,0
2020-05-26,3,0,0
2020-05-26,4,1,0
2020-05-26,5,2,0
2020-05-26,6,11,3
2020-05-26,7,35,6
2020-05-26,8,33,5
2020-05-26,9,17,7
2020-05-26,10,9,3
2020-05-26,11,22,12
2020-05-26,12,11,26
2020-05-26,13,17,10
2020-05-26,14,14,20
2020-05-26,15,14,32
2020-05-26,16,22,40
2020-05-26,17,10,27
2020-05-26,18,5,1
2020-05-26,19,0,1
2020-05-26,20,1,3
2020-05-26,21,0,2
2020-05-26,22,0,2
2020-05-26,23,0,0
2020-05-27,0,0,0
2020-05-27,1,0,0
2020-05-27,2,1,0
2020-05-27,3,0,0
2020-05-27,4,0,0
2020-05-27,5,1,0
2020-05-27,6,5,0
2020-05-27,7,32,6
2020-05-27,8,35,7
2020-05-27,9,17,5
2020-05-27,10,21,15
2020-05-27,11,20,12
2020-05-27,12,14,9
2020-05-27,13,11,14
2020-05-27,14,9,19
2020-05-27,15,11,10
2020-05-27,16,26,45
2020-05-27,17,13,27
2020-05-27,18,3,1
2020-05-27,19,1,1
2020-05-27,20,1,1
2020-05-27,21,1,5
2020-05-27,22,3,3
2020-05-27,23,0,0
2020-05-28,0,0,0
2020-05-28,1,0,0
2020-05-28,2,1,0
2020-05-28,3,0,0
2020-05-28,4,0,0
2020-05-28,5,1,0
2020-05-28,6,7,2
2020-05-28,7,21,5
2020-05-28,8,40,6
2020-05-28,9,12,11
2020-05-28,10,15,11
2020-05-28,11,12,12
2020-05-28,12,16,15
2020-05-28,13,9,18
2020-05-28,14,16,19
2020-05-28,15,11,21
2020-05-28,16,28,36
2020-05-28,17,8,37
2020-05-28,18,9,5
2020-05-28,19,0,4
2020-05-28,20,0,0
2020-05-28,21,0,0
2020-05-28,22,0,1
2020-05-28,23,0,0
2020-05-29,0,1,0
2020-05-29,1,0,0
2020-05-29,2,1,0
2020-05-29,3,0,0
2020-05-29,4,0,0
2020-05-29,5,2,0
2020-05-29,6,1,1
2020-05-29,7,19,1
2020-05-29,8,29,7
2020-05-29,9,27,6
2020-05-29,10,16,15
2020-05-29,11,23,19
2020-05-29,12,16,16
2020-05-29,13,11,19
2020-05-29,14,16,13
2020-05-29,15,13,18
2020-05-29,16,12,31
2020-05-29,17,3,11
2020-05-29,18,3,8
2020-05-29,19,0,1
2020-05-29,20,0,0
2020-05-29,21,0,2
2020-05-29,22,0,1
2020-05-29,23,0,0
2020-05-30,0,0,0
2020-05-30,1,0,0
2020-05-30,2,0,0
2020-05-30,3,0,0
2020-05-30,4,0,0
2020-05-30,5,1,0
2020-05-30,6,2,1
2020-05-30,7,9,2
2020-05-30,8,10,14
2020-05-30,9,16,17
2020-05-30,10,29,19
2020-05-30,11,24,24
2020-05-30,12,8,16
2020-05-30,13,21,20
2020-05-30,14,33,16
2020-05-30,15,36,28
2020-05-30,16,24,28
2020-05-30,17,4,12
2020-05-30,18,1,1
2020-05-30,19,0,0
2020-05-30,20,0,0
2020-05-30,21,0,0
2020-05-30,22,0,1
2020-05-30,23,0,0
2020-05-31,0,0,0
2020-05-31,1,0,0
2020-05-31,2,0,0
2020-05-31,3,0,0
2020-05-31,4,0,0
2020-05-31,5,1,0
2020-05-31,6,4,1
2020-05-31,7,4,3
2020-05-31,8,17,5
2020-05-31,9,32,23
2020-05-31,10,43,32
2020-05-31,11,39,42
2020-05-31,12,24,47
2020-05-31,13,13,13
2020-05-31,14,22,30
2020-05-31,15,26,21
2020-05-31,16,17,20
2020-05-31,17,3,5
2020-05-31,18,3,4
2020-05-31,19,2,2
2020-05-31,20,1,0
2020-05-31,21,0,1
2020-05-31,22,2,1
2020-05-31,23,0,0
2020-06-01,0,0,0
2020-06-01,1,0,0
2020-06-01,2,0,0
2020-06-01,3,0,0
2020-06-01,4,0,0
2020-06-01,5,0,0
2020-06-01,6,2,1
2020-06-01,7,3,1
2020-06-01,8,5,5
2020-06-01,9,9,11
2020-06-01,10,7,3
2020-06-01,11,13,6
2020-06-01,12,3,3
2020-06-01,13,4,1
2020-06-01,14,5,8
2020-06-01,15,0,5
2020-06-01,16,7,4
2020-06-01,17,4,4
2020-06-01,18,1,0
2020-06-01,19,4,1
2020-06-01,20,1,2
2020-06-01,21,0,2
2020-06-01,22,0,0
2020-06-01,23,0,0
2020-06-02,0,0,0
2020-06-02,1,0,0
2020-06-02,2,1,0
2020-06-02,3,0,0
2020-06-02,4,1,0
2020-06-02,5,1,0
2020-06-02,6,8,1
2020-06-02,7,24,5
2020-06-02,8,19,5
2020-06-02,9,17,2
2020-06-02,10,14,2
2020-06-02,11,8,9
2020-06-02,12,13,14
2020-06-02,13,8,9
2020-06-02,14,15,10
2020-06-02,15,10,16
2020-06-02,16,20,46
2020-06-02,17,12,27
2020-06-02,18,5,7
2020-06-02,19,4,2
2020-06-02,20,1,1
2020-06-02,21,0,1
2020-06-02,22,0,3
2020-06-02,23,0,0
2020-06-03,0,0,0
2020-06-03,1,0,0
2020-06-03,2,0,0
2020-06-03,3,0,0
2020-06-03,4,1,0
2020-06-03,5,2,0
2020-06-03,6,6,2
2020-06-03,7,34,5
2020-06-03,8,36,6
2020-06-03,9,23,14
2020-06-03,10,11,12
2020-06-03,11,8,4
2020-06-03,12,20,14
2020-06-03,13,16,14
2020-06-03,14,26,21
2020-06-03,15,7,18
2020-06-03,16,20,47
2020-06-03,17,5,29
2020-06-03,18,2,3
2020-06-03,19,1,1
2020-06-03,20,2,0
2020-06-03,21,0,2
2020-06-03,22,0,0
2020-06-03,23,0,1
2020-06-04,0,1,0
2020-06-04,1,0,0
2020-06-04,2,0,0
2020-06-04,3,0,0
2020-06-04,4,0,0
2020-06-04,5,0,0
2020-06-04,6,4,0
2020-06-04,7,20,3
2020-06-04,8,31,4
2020-06-04,9,14,8
2020-06-04,10,5,3
2020-06-04,11,5,9
2020-06-04,12,3,8
2020-06-04,13,1,3
2020-06-04,14,0,6
2020-06-04,15,5,6
2020-06-04,16,4,20
2020-06-04,17,4,13
2020-06-04,18,1,3
2020-06-04,19,0,1
2020-06-04,20,0,1
2020-06-04,21,1,0
2020-06-04,22,0,1
2020-06-04,23,0,1
2020-06-05,0,0,0
2020-06-05,1,0,0
2020-06-05,2,0,0
2020-06-05,3,0,0
2020-06-05,4,0,0
2020-06-05,5,0,0
2020-06-05,6,4,0
2020-06-05,7,14,2
2020-06-05,8,27,2
2020-06-05,9,13,5
2020-06-05,10,8,1
2020-06-05,11,8,3
2020-06-05,12,6,6
2020-06-05,13,15,16
2020-06-05,14,13,21
2020-06-05,15,15,10
2020-06-05,16,6,29
2020-06-05,17,4,17
2020-06-05,18,0,5
2020-06-05,19,0,3
2020-06-05,20,1,0
2020-06-05,21,0,0
2020-06-05,22,0,0
2020-06-05,23,0,0
2020-06-06,0,0,0
2020-06-06,1,0,0
2020-06-06,2,0,0
2020-06-06,3,0,0
2020-06-06,4,0,0
2020-06-06,5,0,0
2020-06-06,6,3,3
2020-06-06,7,5,7
2020-06-06,8,16,10
2020-06-06,9,20,14
2020-06-06,10,11,28
2020-06-06,11,6,15
2020-06-06,12,9,9
2020-06-06,13,19,30
2020-06-06,14,8,18
2020-06-06,15,10,10
2020-06-06,16,6,5
2020-06-06,17,2,5
2020-06-06,18,0,1
2020-06-06,19,0,0
2020-06-06,20,0,0
2020-06-06,21,0,0
2020-06-06,22,0,0
2020-06-06,23,0,0
2020-06-07,0,0,0
2020-06-07,1,0,0
2020-06-07,2,0,0
2020-06-07,3,0,0
2020-06-07,4,0,0
2020-06-07,5,1,0
2020-06-07,6,1,1
2020-06-07,7,3,7
2020-06-07,8,11,10
2020-06-07,9,19,16
2020-06-07,10,37,25
2020-06-07,11,30,32
2020-06-07,12,30,39
2020-06-07,13,15,15
2020-06-07,14,25,14
2020-06-07,15,14,18
2020-06-07,16,30,18
2020-06-07,17,8,10
2020-06-07,18,3,6
2020-06-07,19,0,1
2020-06-07,20,1,1
2020-06-07,21,0,1
2020-06-07,22,0,0
2020-06-07,23,0,0
2020-06-08,0,0,0
2020-06-08,1,0,0
2020-06-08,2,0,0
2020-06-08,3,0,0
2020-06-08,4,0,0
2020-06-08,5,3,0
2020-06-08,6,3,3
2020-06-08,7,38,6
2020-06-08,8,31,6
2020-06-08,9,17,3
2020-06-08,10,13,8
2020-06-08,11,8,6
2020-06-08,12,7,12
2020-06-08,13,9,13
2020-06-08,14,15,8
2020-06-08,15,9,15
2020-06-08,16,15,54
2020-06-08,17,5,32
2020-06-08,18,3,4
2020-06-08,19,1,2
2020-06-08,20,4,3
2020-06-08,21,0,3
2020-06-08,22,0,1
2020-06-08,23,0,0
2020-06-09,0,0,0
2020-06-09,1,0,0
2020-06-09,2,0,0
2020-06-09,3,0,0
2020-06-09,4,0,0
2020-06-09,5,0,1
2020-06-09,6,7,1
2020-06-09,7,35,3
2020-06-09,8,34,4
2020-06-09,9,21,10
2020-06-09,10,11,3
2020-06-09,11,15,8
2020-06-09,12,12,6
2020-06-09,13,20,13
2020-06-09,14,21,26
2020-06-09,15,25,27
2020-06-09,16,38,57
2020-06-09,17,12,40
2020-06-09,18,5,7
2020-06-09,19,0,5
2020-06-09,20,0,0
2020-06-09,21,0,2
2020-06-09,22,0,1
2020-06-09,23,0,0
2020-06-10,0,0,0
2020-06-10,1,0,1
2020-06-10,2,0,0
2020-06-10,3,0,0
2020-06-10,4,0,0
2020-06-10,5,3,1
2020-06-10,6,6,3
2020-06-10,7,34,5
2020-06-10,8,44,3
2020-06-10,9,15,8
2020-06-10,10,27,13
2020-06-10,11,14,13
2020-06-10,12,18,12
2020-06-10,13,22,18
2020-06-10,14,17,20
2020-06-10,15,11,27
2020-06-10,16,23,45
2020-06-10,17,9,31
2020-06-10,18,3,7
2020-06-10,19,0,1
2020-06-10,20,1,1
2020-06-10,21,0,2
2020-06-10,22,0,2
2020-06-10,23,0,2
2020-06-11,0,0,0
2020-06-11,1,0,0
2020-06-11,2,0,0
2020-06-11,3,0,0
2020-06-11,4,0,0
2020-06-11,5,2,0
2020-06-11,6,8,2
2020-06-11,7,28,4
2020-06-11,8,43,2
2020-06-11,9,17,5
2020-06-11,10,12,6
2020-06-11,11,12,7
2020-06-11,12,9,6
2020-06-11,13,7,5
2020-06-11,14,4,9
2020-06-11,15,6,11
2020-06-11,16,11,27
2020-06-11,17,2,33
2020-06-11,18,6,4
2020-06-11,19,0,7
2020-06-11,20,0,0
2020-06-11,21,0,1
2020-06-11,22,1,1
2020-06-11,23,0,0
2020-06-12,0,0,1
2020-06-12,1,0,0
2020-06-12,2,0,0
2020-06-12,3,0,0
2020-06-12,4,0,0
2020-06-12,5,0,0
2020-06-12,6,2,1
2020-06-12,7,16,2
2020-06-12,8,25,2
2020-06-12,9,9,4
2020-06-12,10,6,5
2020-06-12,11,4,3
2020-06-12,12,0,2
2020-06-12,13,1,1
2020-06-12,14,1,3
2020-06-12,15,4,9
2020-06-12,16,1,13
2020-06-12,17,1,11
2020-06-12,18,5,12
2020-06-12,19,0,2
2020-06-12,20,1,1
2020-06-12,21,1,0
2020-06-12,22,0,2
2020-06-12,23,0,0
2020-06-13,0,0,0
2020-06-13,1,0,0
2020-06-13,2,0,0
2020-06-13,3,0,0
2020-06-13,4,0,0
2020-06-13,5,1,1
2020-06-13,6,2,0
2020-06-13,7,11,4
2020-06-13,8,9,13
2020-06-13,9,18,16
2020-06-13,10,32,26
2020-06-13,11,24,19
2020-06-13,12,9,23
2020-06-13,13,38,13
2020-06-13,14,37,28
2020-06-13,15,28,33
2020-06-13,16,15,32
2020-06-13,17,2,6
2020-06-13,18,1,1
2020-06-13,19,0,0
2020-06-13,20,0,0
2020-06-13,21,0,0
2020-06-13,22,0,0
2020-06-13,23,0,0
2020-06-14,0,1,0
2020-06-14,1,0,0
2020-06-14,2,0,0
2020-06-14,3,0,0
2020-06-14,4,0,0
2020-06-14,5,0,0
2020-06-14,6,1,0
2020-06-14,7,5,5
2020-06-14,8,14,5
2020-06-14,9,18,17
2020-06-14,10,39,18
2020-06-14,11,36,45
2020-06-14,12,40,43
2020-06-14,13,25,33
2020-06-14,14,41,28
2020-06-14,15,32,38
2020-06-14,16,36,40
2020-06-14,17,3,15
2020-06-14,18,0,0
2020-06-14,19,0,0
2020-06-14,20,0,2
2020-06-14,21,1,0
2020-06-14,22,0,0
2020-06-14,23,0,0
2020-06-15,0,0,0
2020-06-15,1,0,0
2020-06-15,2,0,0
2020-06-15,3,0,0
2020-06-15,4,2,0
2020-06-15,5,1,1
2020-06-15,6,7,1
2020-06-15,7,43,2
2020-06-15,8,52,7
2020-06-15,9,23,8
2020-06-15,10,17,2
2020-06-15,11,10,13
2020-06-15,12,13,11
2020-06-15,13,15,14
2020-06-15,14,11,13
2020-06-15,15,8,22
2020-06-15,16,8,55
2020-06-15,17,8,43
2020-06-15,18,1,9
2020-06-15,19,4,2
2020-06-15,20,0,0
2020-06-15,21,0,1
2020-06-15,22,0,0
2020-06-15,23,0,0
2020-06-16,0,0,0
2020-06-16,1,0,0
2020-06-16,2,0,0
2020-06-16,3,0,0
2020-06-16,4,1,0
2020-06-16,5,3,0
2020-06-16,6,6,3
2020-06-16,7,36,6
2020-06-16,8,59,4
2020-06-16,9,23,5
2020-06-16,10,8,6
2020-06-16,11,13,8
2020-06-16,12,8,9
2020-06-16,13,13,11
2020-06-16,14,15,17
2020-06-16,15,44,28
2020-06-16,16,9,56
2020-06-16,17,7,41
2020-06-16,18,3,17
2020-06-16,19,2,3
2020-06-16,20,2,1
2020-06-16,21,0,2
2020-06-16,22,0,1
2020-06-16,23,0,0
2020-06-17,0,0,0
2020-06-17,1,0,0
2020-06-17,2,0,0
2020-06-17,3,0,0
2020-06-17,4,2,0
2020-06-17,5,2,0
2020-06-17,6,7,2
2020-06-17,7,32,3
2020-06-17,8,61,6
2020-06-17,9,30,7
2020-06-17,10,12,7
2020-06-17,11,12,6
2020-06-17,12,8,11
2020-06-17,13,5,8
2020-06-17,14,6,13
2020-06-17,15,9,16
2020-06-17,16,11,43
2020-06-17,17,6,48
2020-06-17,18,1,9
2020-06-17,19,4,3
2020-06-17,20,3,3
2020-06-17,21,0,2
2020-06-17,22,0,1
2020-06-17,23,0,1
2020-06-18,0,0,0
2020-06-18,1,0,0
2020-06-18,2,0,0
2020-06-18,3,0,0
2020-06-18,4,1,0
2020-06-18,5,0,0
2020-06-18,6,5,0
2020-06-18,7,14,3
2020-06-18,8,29,4
2020-06-18,9,7,1
2020-06-18,10,5,1
2020-06-18,11,1,2
2020-06-18,12,2,2
2020-06-18,13,4,5
2020-06-18,14,2,2
2020-06-18,15,2,7
2020-06-18,16,1,27
2020-06-18,17,0,13
2020-06-18,18,0,3
2020-06-18,19,0,1
2020-06-18,20,0,0
2020-06-18,21,0,0
2020-06-18,22,0,1
2020-06-18,23,0,0
2020-06-19,0,0,0
2020-06-19,1,0,0
2020-06-19,2,0,0
2020-06-19,3,0,0
2020-06-19,4,2,0
2020-06-19,5,0,0
2020-06-19,6,7,0
2020-06-19,7,20,2
2020-06-19,8,38,4
2020-06-19,9,24,5
2020-06-19,10,6,6
2020-06-19,11,5,4
2020-06-19,12,6,10
2020-06-19,13,7,11
2020-06-19,14,13,8
2020-06-19,15,9,24
2020-06-19,16,5,28
2020-06-19,17,6,20
2020-06-19,18,0,4
2020-06-19,19,1,1
2020-06-19,20,0,1
2020-06-19,21,0,2
2020-06-19,22,0,0
2020-06-19,23,0,1
2020-06-20,0,0,0
2020-06-20,1,0,0
2020-06-20,2,0,0
2020-06-20,3,0,0
2020-06-20,4,0,0
2020-06-20,5,1,2
2020-06-20,6,2,0
2020-06-20,7,5,2
2020-06-20,8,16,11
2020-06-20,9,19,7
2020-06-20,10,23,24
2020-06-20,11,21,29
2020-06-20,12,33,25
2020-06-20,13,25,20
2020-06-20,14,36,29
2020-06-20,15,18,24
2020-06-20,16,23,24
2020-06-20,17,0,14
2020-06-20,18,1,3
2020-06-20,19,0,1
2020-06-20,20,0,0
2020-06-20,21,0,1
2020-06-20,22,1,0
2020-06-20,23,0,0
2020-06-21,0,0,0
2020-06-21,1,0,0
2020-06-21,2,0,0
2020-06-21,3,0,0
2020-06-21,4,0,0
2020-06-21,5,0,0
2020-06-21,6,6,1
2020-06-21,7,7,6
2020-06-21,8,12,5
2020-06-21,9,15,9
2020-06-21,10,17,24
2020-06-21,11,20,24
2020-06-21,12,13,28
2020-06-21,13,15,10
2020-06-21,14,16,14
2020-06-21,15,10,20
2020-06-21,16,14,19
2020-06-21,17,3,4
2020-06-21,18,0,1
2020-06-21,19,0,0
2020-06-21,20,0,0
2020-06-21,21,0,0
2020-06-21,22,0,0
2020-06-21,23,0,0
2020-06-22,0,0,0
2020-06-22,1,0,0
2020-06-22,2,0,0
2020-06-22,3,0,0
2020-06-22,4,1,0
2020-06-22,5,1,0
2020-06-22,6,5,2
2020-06-22,7,35,2
2020-06-22,8,62,5
2020-06-22,9,28,8
2020-06-22,10,21,8
2020-06-22,11,12,12
2020-06-22,12,15,14
2020-06-22,13,13,10
2020-06-22,14,13,23
2020-06-22,15,18,29
2020-06-22,16,16,58
2020-06-22,17,13,56
2020-06-22,18,4,14
2020-06-22,19,1,1
2020-06-22,20,3,1
2020-06-22,21,0,1
2020-06-22,22,0,2
2020-06-22,23,0,0
2020-06-23,0,0,0
2020-06-23,1,0,0
2020-06-23,2,0,0
2020-06-23,3,0,0
2020-06-23,4,1,0
2020-06-23,5,4,0
2020-06-23,6,3,1
2020-06-23,7,46,4
2020-06-23,8,54,5
2020-06-23,9,27,6
2020-06-23,10,15,10
2020-06-23,11,13,11
2020-06-23,12,18,11
2020-06-23,13,25,12
2020-06-23,14,17,25
2020-06-23,15,38,22
2020-06-23,16,19,64
2020-06-23,17,12,45
2020-06-23,18,2,7
2020-06-23,19,2,5
2020-06-23,20,1,2
2020-06-23,21,3,2
2020-06-23,22,0,0
2020-06-23,23,0,2
2020-06-24,0,0,0
2020-06-24,1,0,0
2020-06-24,2,0,0
2020-06-24,3,0,0
2020-06-24,4,0,0
2020-06-24,5,1,0
2020-06-24,6,9,1
2020-06-24,7,39,2
2020-06-24,8,70,7
2020-06-24,9,25,9
2020-06-24,10,12,8
2020-06-24,11,20,11
2020-06-24,12,11,12
2020-06-24,13,17,15
2020-06-24,14,14,18
2020-06-24,15,13,30
2020-06-24,16,7,61
2020-06-24,17,10,45
2020-06-24,18,4,10
2020-06-24,19,1,3
2020-06-24,20,0,4
2020-06-24,21,1,0
2020-06-24,22,0,1
2020-06-24,23,0,0
2020-06-25,0,0,0
2020-06-25,1,0,0
2020-06-25,2,0,0
2020-06-25,3,0,0
2020-06-25,4,1,1
2020-06-25,5,1,0
2020-06-25,6,7,0
2020-06-25,7,20,4
2020-06-25,8,49,4
2020-06-25,9,18,4
2020-06-25,10,6,6
2020-06-25,11,8,8
2020-06-25,12,2,5
2020-06-25,13,7,2
2020-06-25,14,1,10
2020-06-25,15,4,11
2020-06-25,16,6,45
2020-06-25,17,1,25
2020-06-25,18,2,5
2020-06-25,19,3,8
2020-06-25,20,0,0
2020-06-25,21,0,0
2020-06-25,22,0,0
2020-06-25,23,0,0
2020-06-26,0,0,0
2020-06-26,1,0,0
2020-06-26,2,0,0
2020-06-26,3,0,0
2020-06-26,4,0,0
2020-06-26,5,0,0
2020-06-26,6,7,0
2020-06-26,7,29,14
2020-06-26,8,39,2
2020-06-26,9,23,4
2020-06-26,10,6,5
2020-06-26,11,5,7
2020-06-26,12,4,10
2020-06-26,13,10,10
2020-06-26,14,4,6
2020-06-26,15,3,11
2020-06-26,16,10,38
2020-06-26,17,3,25
2020-06-26,18,2,8
2020-06-26,19,0,1
2020-06-26,20,0,1
2020-06-26,21,0,1
2020-06-26,22,1,3
2020-06-26,23,0,0
2020-06-27,0,0,0
2020-06-27,1,0,0
2020-06-27,2,0,0
2020-06-27,3,0,0
2020-06-27,4,0,0
2020-06-27,5,0,0
2020-06-27,6,3,0
2020-06-27,7,3,4
2020-06-27,8,10,12
2020-06-27,9,13,11
2020-06-27,10,20,14
2020-06-27,11,15,17
2020-06-27,12,6,14
2020-06-27,13,7,5
2020-06-27,14,9,8
2020-06-27,15,3,11
2020-06-27,16,6,10
2020-06-27,17,1,2
2020-06-27,18,0,1
2020-06-27,19,0,0
2020-06-27,20,0,2
2020-06-27,21,0,0
2020-06-27,22,0,0
2020-06-27,23,0,2
2020-06-28,0,1,1
2020-06-28,1,0,1
2020-06-28,2,0,0
2020-06-28,3,0,0
2020-06-28,4,0,0
2020-06-28,5,0,0
2020-06-28,6,0,0
2020-06-28,7,1,0
2020-06-28,8,8,2
2020-06-28,9,21,7
2020-06-28,10,27,30
2020-06-28,11,38,27
2020-06-28,12,27,35
2020-06-28,13,46,31
2020-06-28,14,47,32
2020-06-28,15,26,41
2020-06-28,16,23,30
2020-06-28,17,2,6
2020-06-28,18,0,0
2020-06-28,19,1,0
2020-06-28,20,2,0
2020-06-28,21,0,0
2020-06-28,22,1,0
2020-06-28,23,0,0
2020-06-29,0,0,0
2020-06-29,1,0,0
2020-06-29,2,0,0
2020-06-29,3,0,0
2020-06-29,4,1,0
2020-06-29,5,3,0
2020-06-29,6,4,0
2020-06-29,7,37,7
2020-06-29,8,54,8
2020-06-29,9,32,9
2020-06-29,10,9,8
2020-06-29,11,7,2
2020-06-29,12,15,17
2020-06-29,13,10,13
2020-06-29,14,4,10
2020-06-29,15,2,16
2020-06-29,16,2,42
2020-06-29,17,6,36
2020-06-29,18,0,9
2020-06-29,19,0,0
2020-06-29,20,1,0
2020-06-29,21,0,1
2020-06-29,22,0,1
2020-06-29,23,0,0
2020-06-30,0,0,0
2020-06-30,1,0,0
2020-06-30,2,0,0
2020-06-30,3,0,0
2020-06-30,4,0,0
2020-06-30,5,0,0
2020-06-30,6,16,7
2020-06-30,7,30,4
2020-06-30,8,52,5
2020-06-30,9,25,5
2020-06-30,10,6,6
2020-06-30,11,9,8
2020-06-30,12,7,8
2020-06-30,13,15,9
2020-06-30,14,8,8
2020-06-30,15,2,21
2020-06-30,16,10,48
2020-06-30,17,6,41
2020-06-30,18,1,8
2020-06-30,19,1,0
2020-06-30,20,0,5
2020-06-30,21,0,1
2020-06-30,22,0,1
2020-06-30,23,0,0
2020-07-01,0,0,0
2020-07-01,1,0,0
2020-07-01,2,0,0
2020-07-01,3,0,0
2020-07-01,4,0,0
2020-07-01,5,1,0
2020-07-01,6,9,1
2020-07-01,7,29,3
2020-07-01,8,67,11
2020-07-01,9,20,9
2020-07-01,10,8,8
2020-07-01,11,6,8
2020-07-01,12,9,9
2020-07-01,13,12,6
2020-07-01,14,6,17
2020-07-01,15,9,18
2020-07-01,16,8,41
2020-07-01,17,5,32
2020-07-01,18,2,8
2020-07-01,19,0,5
2020-07-01,20,1,1
2020-07-01,21,1,0
2020-07-01,22,0,1
2020-07-01,23,0,0
2020-07-02,0,0,0
2020-07-02,1,0,0
2020-07-02,2,0,0
2020-07-02,3,0,0
2020-07-02,4,1,0
2020-07-02,5,0,0
2020-07-02,6,6,3
2020-07-02,7,21,4
2020-07-02,8,45,1
2020-07-02,9,18,4
2020-07-02,10,7,1
2020-07-02,11,5,12
2020-07-02,12,7,9
2020-07-02,13,13,9
2020-07-02,14,8,12
2020-07-02,15,8,12
2020-07-02,16,6,29
2020-07-02,17,4,33
2020-07-02,18,0,10
2020-07-02,19,0,3
2020-07-02,20,0,0
2020-07-02,21,0,1
2020-07-02,22,0,1
2020-07-02,23,0,0
2020-07-03,0,0,0
2020-07-03,1,0,0
2020-07-03,2,0,0
2020-07-03,3,0,0
2020-07-03,4,1,0
2020-07-03,5,2,0
2020-07-03,6,6,1
2020-07-03,7,27,4
2020-07-03,8,50,4
2020-07-03,9,25,5
2020-07-03,10,11,10
2020-07-03,11,8,7
2020-07-03,12,9,8
2020-07-03,13,13,11
2020-07-03,14,18,24
2020-07-03,15,7,22
2020-07-03,16,5,28
2020-07-03,17,3,29
2020-07-03,18,4,12
2020-07-03,19,1,0
2020-07-03,20,1,2
2020-07-03,21,0,2
2020-07-03,22,0,1
2020-07-03,23,0,0
2020-07-04,0,1,0
2020-07-04,1,0,0
2020-07-04,2,0,0
2020-07-04,3,0,0
2020-07-04,4,0,0
2020-07-04,5,0,0
2020-07-04,6,1,0
2020-07-04,7,10,5
2020-07-04,8,14,7
2020-07-04,9,10,8
2020-07-04,10,11,10
2020-07-04,11,8,11
2020-07-04,12,18,18
2020-07-04,13,11,10
2020-07-04,14,34,22
2020-07-04,15,22,21
2020-07-04,16,13,25
2020-07-04,17,6,7
2020-07-04,18,0,0
2020-07-04,19,1,0
2020-07-04,20,0,0
2020-07-04,21,0,1
2020-07-04,22,0,0
2020-07-04,23,0,0
2020-07-05,0,0,0
2020-07-05,1,0,0
2020-07-05,2,0,0
2020-07-05,3,0,0
2020-07-05,4,0,0
2020-07-05,5,1,0
2020-07-05,6,2,0
2020-07-05,7,3,5
2020-07-05,8,5,5
2020-07-05,9,24,17
2020-07-05,10,21,39
2020-07-05,11,38,27
2020-07-05,12,18,21
2020-07-05,13,18,23
2020-07-05,14,36,18
2020-07-05,15,25,33
2020-07-05,16,14,31
2020-07-05,17,10,9
2020-07-05,18,0,2
2020-07-05,19,0,1
2020-07-05,20,1,1
2020-07-05,21,0,0
2020-07-05,22,0,0
2020-07-05,23,0,0
2020-07-06,0,0,0
2020-07-06,1,0,0
2020-07-06,2,0,0
2020-07-06,3,0,0
2020-07-06,4,0,0
2020-07-06,5,0,0
2020-07-06,6,2,0
2020-07-06,7,23,3
2020-07-06,8,40,4
2020-07-06,9,10,4
2020-07-06,10,11,3
2020-07-06,11,8,12
2020-07-06,12,4,9
2020-07-06,13,5,6
2020-07-06,14,10,9
2020-07-06,15,10,14
2020-07-06,16,9,38
2020-07-06,17,5,40
2020-07-06,18,4,5
2020-07-06,19,1,1
2020-07-06,20,1,1
2020-07-06,21,0,1
2020-07-06,22,0,2
2020-07-06,23,0,0
2020-07-07,0,0,0
2020-07-07,1,0,0
2020-07-07,2,0,0
2020-07-07,3,0,0
2020-07-07,4,0,0
2020-07-07,5,0,0
2020-07-07,6,2,0
2020-07-07,7,3,0
2020-07-07,8,18,1
2020-07-07,9,7,1
2020-07-07,10,9,1
2020-07-07,11,5,2
2020-07-07,12,8,1
2020-07-07,13,10,15
2020-07-07,14,9,4
2020-07-07,15,6,9
2020-07-07,16,2,21
2020-07-07,17,0,16
2020-07-07,18,3,1
2020-07-07,19,3,1
2020-07-07,20,0,2
2020-07-07,21,0,1
2020-07-07,22,1,2
2020-07-07,23,1,1
2020-07-08,0,0,0
2020-07-08,1,0,0
2020-07-08,2,0,0
2020-07-08,3,0,0
2020-07-08,4,0,0
2020-07-08,5,1,0
2020-07-08,6,1,1
2020-07-08,7,9,1
2020-07-08,8,33,0
2020-07-08,9,11,2
2020-07-08,10,3,2
2020-07-08,11,2,0
2020-07-08,12,2,4
2020-07-08,13,10,2
2020-07-08,14,3,4
2020-07-08,15,4,4
2020-07-08,16,8,27
2020-07-08,17,1,24
2020-07-08,18,2,4
2020-07-08,19,1,3
2020-07-08,20,0,0
2020-07-08,21,0,1
2020-07-08,22,0,2
2020-07-08,23,0,0
2020-07-09,0,0,0
2020-07-09,1,0,0
2020-07-09,2,0,0
2020-07-09,3,0,0
2020-07-09,4,0,0
2020-07-09,5,2,0
2020-07-09,6,1,3
2020-07-09,7,25,3
2020-07-09,8,49,2
2020-07-09,9,24,4
2020-07-09,10,17,12
2020-07-09,11,14,13
2020-07-09,12,10,17
2020-07-09,13,18,8
2020-07-09,14,17,9
2020-07-09,15,12,17
2020-07-09,16,9,44
2020-07-09,17,6,43
2020-07-09,18,1,8
2020-07-09,19,0,4
2020-07-09,20,1,2
2020-07-09,21,0,1
2020-07-09,22,0,3
2020-07-09,23,0,0
2020-07-10,0,0,0
2020-07-10,1,0,0
2020-07-10,2,0,0
2020-07-10,3,0,0
2020-07-10,4,0,0
2020-07-10,5,1,0
2020-07-10,6,3,2
2020-07-10,7,20,2
2020-07-10,8,47,3
2020-07-10,9,21,0
2020-07-10,10,16,12
2020-07-10,11,19,24
2020-07-10,12,19,18
2020-07-10,13,19,15
2020-07-10,14,19,13
2020-07-10,15,20,33
2020-07-10,16,10,43
2020-07-10,17,7,35
2020-07-10,18,2,14
2020-07-10,19,1,1
2020-07-10,20,0,2
2020-07-10,21,0,1
2020-07-10,22,0,2
2020-07-10,23,0,0
2020-07-11,0,0,0
2020-07-11,1,0,0
2020-07-11,2,0,0
2020-07-11,3,0,0
2020-07-11,4,0,0
2020-07-11,5,0,0
2020-07-11,6,1,0
2020-07-11,7,5,0
2020-07-11,8,8,9
2020-07-11,9,25,14
2020-07-11,10,18,11
2020-07-11,11,15,18
2020-07-11,12,16,15
2020-07-11,13,28,24
2020-07-11,14,14,22
2020-07-11,15,19,18
2020-07-11,16,9,24
2020-07-11,17,0,4
2020-07-11,18,2,0
2020-07-11,19,0,0
2020-07-11,20,0,0
2020-07-11,21,0,0
2020-07-11,22,0,0
2020-07-11,23,0,0
2020-07-12,0,0,0
2020-07-12,1,0,0
2020-07-12,2,0,0
2020-07-12,3,0,0
2020-07-12,4,0,0
2020-07-12,5,0,0
2020-07-12,6,1,0
2020-07-12,7,2,1
2020-07-12,8,4,3
2020-07-12,9,6,19
2020-07-12,10,18,11
2020-07-12,11,14,10
2020-07-12,12,7,6
2020-07-12,13,7,6
2020-07-12,14,3,3
2020-07-12,15,12,11
2020-07-12,16,9,8
2020-07-12,17,2,4
2020-07-12,18,0,0
2020-07-12,19,1,0
2020-07-12,20,0,0
2020-07-12,21,0,0
2020-07-12,22,0,1
2020-07-12,23,0,0
2020-07-13,0,0,0
2020-07-13,1,0,0
2020-07-13,2,0,0
2020-07-13,3,0,0
2020-07-13,4,0,0
2020-07-13,5,0,0
2020-07-13,6,5,1
2020-07-13,7,20,2
2020-07-13,8,45,1
2020-07-13,9,19,0
2020-07-13,10,12,3
2020-07-13,11,7,9
2020-07-13,12,12,13
2020-07-13,13,11,4
2020-07-13,14,15,16
2020-07-13,15,11,20
2020-07-13,16,7,46
2020-07-13,17,10,33
2020-07-13,18,3,11
2020-07-13,19,3,1
2020-07-13,20,2,3
2020-07-13,21,0,0
2020-07-13,22,0,1
2020-07-13,23,0,0
2020-07-14,0,0,0
2020-07-14,1,0,0
2020-07-14,2,0,0
2020-07-14,3,0,0
2020-07-14,4,1,0
2020-07-14,5,2,1
2020-07-14,6,9,2
2020-07-14,7,38,7
2020-07-14,8,60,3
2020-07-14,9,27,4
2020-07-14,10,17,6
2020-07-14,11,23,16
2020-07-14,12,17,19
2020-07-14,13,27,27
2020-07-14,14,32,17
2020-07-14,15,20,28
2020-07-14,16,16,59
2020-07-14,17,12,57
2020-07-14,18,1,8
2020-07-14,19,0,6
2020-07-14,20,1,1
2020-07-14,21,1,0
2020-07-14,22,0,0
2020-07-14,23,0,0
2020-07-15,0,0,0
2020-07-15,1,0,0
2020-07-15,2,0,0
2020-07-15,3,0,0
2020-07-15,4,0,0
2020-07-15,5,4,0
2020-07-15,6,6,2
2020-07-15,7,33,4
2020-07-15,8,44,2
2020-07-15,9,22,3
2020-07-15,10,7,5
2020-07-15,11,17,8
2020-07-15,12,8,10
2020-07-15,13,10,9
2020-07-15,14,4,11
2020-07-15,15,6,14
2020-07-15,16,5,45
2020-07-15,17,8,48
2020-07-15,18,3,8
2020-07-15,19,1,3
2020-07-15,20,3,2
2020-07-15,21,0,3
2020-07-15,22,0,1
2020-07-15,23,0,0
2020-07-16,0,0,0
2020-07-16,1,0,0
2020-07-16,2,0,0
2020-07-16,3,1,0
2020-07-16,4,0,0
2020-07-16,5,3,0
2020-07-16,6,5,0
2020-07-16,7,21,1
2020-07-16,8,45,1
2020-07-16,9,17,2
2020-07-16,10,16,3
2020-07-16,11,5,13
2020-07-16,12,7,8
2020-07-16,13,51,42
2020-07-16,14,6,8
2020-07-16,15,8,10
2020-07-16,16,5,28
2020-07-16,17,2,40
2020-07-16,18,4,10
2020-07-16,19,0,1
2020-07-16,20,0,3
2020-07-16,21,1,1
2020-07-16,22,1,1
2020-07-16,23,0,0
2020-07-17,0,0,0
2020-07-17,1,0,0
2020-07-17,2,0,0
2020-07-17,3,0,1
2020-07-17,4,0,0
2020-07-17,5,1,0
2020-07-17,6,4,2
2020-07-17,7,19,4
2020-07-17,8,31,4
2020-07-17,9,17,3
2020-07-17,10,8,17
2020-07-17,11,7,5
2020-07-17,12,6,10
2020-07-17,13,10,12
2020-07-17,14,10,15
2020-07-17,15,6,12
2020-07-17,16,3,18
2020-07-17,17,6,19
2020-07-17,18,2,8
2020-07-17,19,1,0
2020-07-17,20,0,1
2020-07-17,21,0,1
2020-07-17,22,0,0
2020-07-17,23,0,0
2020-07-18,0,0,0
2020-07-18,1,0,0
2020-07-18,2,0,0
2020-07-18,3,0,0
2020-07-18,4,0,0
2020-07-18,5,0,0
2020-07-18,6,0,0
2020-07-18,7,4,0
2020-07-18,8,7,6
2020-07-18,9,8,12
2020-07-18,10,26,20
2020-07-18,11,9,8
2020-07-18,12,8,8
2020-07-18,13,11,16
2020-07-18,14,7,11
2020-07-18,15,5,6
2020-07-18,16,10,7
2020-07-18,17,1,6
2020-07-18,18,1,1
2020-07-18,19,0,0
2020-07-18,20,0,0
2020-07-18,21,0,2
2020-07-18,22,3,3
2020-07-18,23,0,0
2020-07-19,0,0,0
2020-07-19,1,0,0
2020-07-19,2,0,0
2020-07-19,3,0,0
2020-07-19,4,0,0
2020-07-19,5,1,0
2020-07-19,6,4,0
2020-07-19,7,6,2
2020-07-19,8,19,15
2020-07-19,9,12,18
2020-07-19,10,22,25
2020-07-19,11,27,20
2020-07-19,12,15,13
2020-07-19,13,25,24
2020-07-19,14,24,19
2020-07-19,15,30,18
2020-07-19,16,20,30
2020-07-19,17,7,8
2020-07-19,18,0,0
2020-07-19,19,0,1
2020-07-19,20,1,0
2020-07-19,21,0,1
2020-07-19,22,0,0
2020-07-19,23,0,1
2020-07-20,0,0,0
2020-07-20,1,0,0
2020-07-20,2,0,0
2020-07-20,3,0,0
2020-07-20,4,0,0
2020-07-20,5,2,0
2020-07-20,6,7,1
2020-07-20,7,39,4
2020-07-20,8,76,9
2020-07-20,9,20,3
2020-07-20,10,16,12
2020-07-20,11,17,18
2020-07-20,12,14,18
2020-07-20,13,17,14
2020-07-20,14,18,30
2020-07-20,15,7,18
2020-07-20,16,32,59
2020-07-20,17,12,59
2020-07-20,18,2,10
2020-07-20,19,0,5
2020-07-20,20,0,1
2020-07-20,21,0,1
2020-07-20,22,0,0
2020-07-20,23,0,0
2020-07-21,0,0,0
2020-07-21,1,0,0
2020-07-21,2,0,0
2020-07-21,3,0,0
2020-07-21,4,0,0
2020-07-21,5,5,0
2020-07-21,6,6,0
2020-07-21,7,38,4
2020-07-21,8,53,8
2020-07-21,9,22,7
2020-07-21,10,22,9
2020-07-21,11,6,1
2020-07-21,12,0,7
2020-07-21,13,3,4
2020-07-21,14,1,6
2020-07-21,15,3,9
2020-07-21,16,3,43
2020-07-21,17,0,36
2020-07-21,18,4,5
2020-07-21,19,1,1
2020-07-21,20,0,1
2020-07-21,21,1,3
2020-07-21,22,0,0
2020-07-21,23,0,0
2020-07-22,0,0,0
2020-07-22,1,0,0
2020-07-22,2,0,0
2020-07-22,3,0,0
2020-07-22,4,0,0
2020-07-22,5,2,0
2020-07-22,6,5,1
2020-07-22,7,25,5
2020-07-22,8,41,5
2020-07-22,9,15,4
2020-07-22,10,12,11
2020-07-22,11,2,6
2020-07-22,12,10,10
2020-07-22,13,16,9
2020-07-22,14,10,9
2020-07-22,15,11,14
2020-07-22,16,7,36
2020-07-22,17,13,39
2020-07-22,18,0,13
2020-07-22,19,3,2
2020-07-22,20,1,2
2020-07-22,21,0,1
2020-07-22,22,0,1
2020-07-22,23,0,0
2020-07-23,0,0,0
2020-07-23,1,0,0
2020-07-23,2,0,0
2020-07-23,3,0,0
2020-07-23,4,0,0
2020-07-23,5,0,0
2020-07-23,6,4,2
2020-07-23,7,32,7
2020-07-23,8,47,3
2020-07-23,9,21,4
2020-07-23,10,10,2
2020-07-23,11,4,9
2020-07-23,12,6,5
2020-07-23,13,3,7
2020-07-23,14,3,6
2020-07-23,15,7,11
2020-07-23,16,10,36
2020-07-23,17,6,44
2020-07-23,18,4,5
2020-07-23,19,1,2
2020-07-23,20,1,2
2020-07-23,21,2,1
2020-07-23,22,0,0
2020-07-23,23,0,1
2020-07-24,0,0,0
2020-07-24,1,0,0
2020-07-24,2,0,0
2020-07-24,3,0,0
2020-07-24,4,1,0
2020-07-24,5,9,6
2020-07-24,6,5,3
2020-07-24,7,35,11
2020-07-24,8,59,2
2020-07-24,9,31,5
2020-07-24,10,21,10
2020-07-24,11,19,17
2020-07-24,12,13,24
2020-07-24,13,10,11
2020-07-24,14,11,8
2020-07-24,15,6,26
2020-07-24,16,4,53
2020-07-24,17,7,42
2020-07-24,18,1,9
2020-07-24,19,0,2
2020-07-24,20,2,3
2020-07-24,21,0,3
2020-07-24,22,0,0
2020-07-24,23,0,0
2020-07-25,0,0,0
2020-07-25,1,0,0
2020-07-25,2,0,0
2020-07-25,3,0,0
2020-07-25,4,0,0
2020-07-25,5,1,0
2020-07-25,6,4,0
2020-07-25,7,3,2
2020-07-25,8,7,9
2020-07-25,9,10,18
2020-07-25,10,22,14
2020-07-25,11,20,20
2020-07-25,12,13,6
2020-07-25,13,29,15
2020-07-25,14,18,44
2020-07-25,15,18,22
2020-07-25,16,26,20
2020-07-25,17,9,21
2020-07-25,18,0,7
2020-07-25,19,3,2
2020-07-25,20,3,0
2020-07-25,21,0,1
2020-07-25,22,0,0
2020-07-25,23,0,0
2020-07-26,0,0,0
2020-07-26,1,0,0
2020-07-26,2,0,0
2020-07-26,3,0,0
2020-07-26,4,0,0
2020-07-26,5,1,0
2020-07-26,6,4,0
2020-07-26,7,5,7
2020-07-26,8,13,8
2020-07-26,9,33,19
2020-07-26,10,37,38
2020-07-26,11,37,49
2020-07-26,12,34,23
2020-07-26,13,33,40
2020-07-26,14,27,35
2020-07-26,15,53,38
2020-07-26,16,22,34
2020-07-26,17,12,20
2020-07-26,18,2,4
2020-07-26,19,0,0
2020-07-26,20,1,0
2020-07-26,21,0,2
2020-07-26,22,0,0
2020-07-26,23,0,0
2020-07-27,0,0,0
2020-07-27,1,0,0
2020-07-27,2,0,0
2020-07-27,3,0,0
2020-07-27,4,0,0
2020-07-27,5,1,0
2020-07-27,6,3,2
2020-07-27,7,46,7
2020-07-27,8,72,5
2020-07-27,9,24,11
2020-07-27,10,22,11
2020-07-27,11,16,13
2020-07-27,12,14,18
2020-07-27,13,13,13
2020-07-27,14,14,22
2020-07-27,15,20,29
2020-07-27,16,23,83
2020-07-27,17,16,76
2020-07-27,18,4,18
2020-07-27,19,1,1
2020-07-27,20,1,2
2020-07-27,21,0,0
2020-07-27,22,0,0
2020-07-27,23,0,0
2020-07-28,0,0,0
2020-07-28,1,0,0
2020-07-28,2,0,0
2020-07-28,3,0,0
2020-07-28,4,1,0
2020-07-28,5,2,0
2020-07-28,6,6,0
2020-07-28,7,53,10
2020-07-28,8,56,5
2020-07-28,9,26,4
2020-07-28,10,23,3
2020-07-28,11,10,12
2020-07-28,12,15,17
2020-07-28,13,26,18
2020-07-28,14,7,8
2020-07-28,15,7,23
2020-07-28,16,4,49
2020-07-28,17,6,58
2020-07-28,18,1,8
2020-07-28,19,1,2
2020-07-28,20,0,2
2020-07-28,21,0,1
2020-07-28,22,0,1
2020-07-28,23,0,0
2020-07-29,0,0,0
2020-07-29,1,0,0
2020-07-29,2,0,0
2020-07-29,3,0,0
2020-07-29,4,0,0
2020-07-29,5,1,0
2020-07-29,6,5,1
2020-07-29,7,39,6
2020-07-29,8,68,8
2020-07-29,9,36,5
2020-07-29,10,27,4
2020-07-29,11,18,27
2020-07-29,12,16,20
2020-07-29,13,19,19
2020-07-29,14,11,20
2020-07-29,15,16,31
2020-07-29,16,20,56
2020-07-29,17,3,55
2020-07-29,18,5,9
2020-07-29,19,4,11
2020-07-29,20,1,3
2020-07-29,21,0,3
2020-07-29,22,0,0
2020-07-29,23,0,0
2020-07-30,0,0,0
2020-07-30,1,0,0
2020-07-30,2,0,0
2020-07-30,3,0,0
2020-07-30,4,0,0
2020-07-30,5,1,0
2020-07-30,6,7,1
2020-07-30,7,36,7
2020-07-30,8,72,7
2020-07-30,9,39,9
2020-07-30,10,12,7
2020-07-30,11,14,12
2020-07-30,12,16,24
2020-07-30,13,20,17
2020-07-30,14,15,23
2020-07-30,15,18,24
2020-07-30,16,14,52
2020-07-30,17,8,67
2020-07-30,18,4,8
2020-07-30,19,0,3
2020-07-30,20,2,3
2020-07-30,21,0,0
2020-07-30,22,0,2
2020-07-30,23,0,0
2020-07-31,0,0,0
2020-07-31,1,0,0
2020-07-31,2,0,0
2020-07-31,3,0,0
2020-07-31,4,1,0
2020-07-31,5,2,0
2020-07-31,6,5,1
2020-07-31,7,35,3
2020-07-31,8,45,7
2020-07-31,9,31,8
2020-07-31,10,9,10
