SA22018_V1_00,SA22018_V1_00_NAME,LAND_AREA_SQ_KM,AREA_SQ_KM
100100,North Cape,826.7851221,826.7851221
100200,Rangaunu Harbour,272.1040531,272.1040531
100400,Karikari Peninsula,174.1808159,174.1808159
100500,Tangonge,177.2043427,177.2043427
100600,Ahipara,4.5292775,4.5292775
100700,Kaitaia East,5.26631029,5.26631029
100800,Kaitaia West,3.21185052,3.21185052
100900,Rangitihi,84.66042662,84.66042662
101000,Oruru-Parapara,103.2807276,103.2807276
101100,Taumarumaru,10.2297234,10.2297234
101200,Herekino-Takahue,303.6909178,303.6909178
101300,Peria,199.6905844,199.6905844
101400,Taemaro-Oruaiti,156.7342717,156.7342717
101500,Whakapaku,200.873432,200.873432
101600,Hokianga North,345.9352223,345.9352223
101700,Kohukohu-Broadwood,209.1992426,209.1992426
101800,Whakarara,169.4914373,169.4914373
101900,Kaeo,255.579775,255.579775
102000,Omahuta Forest-Horeke,463.5491524,463.5491524
102100,Hokianga South,126.0874548,126.0874548
102200,Lake Manuwai-Kapiro,59.06085734,59.06085734
102300,Okaihau,147.5902767,160.0197124
102400,Rangitane-Purerua,123.1864558,123.1864558
102500,Waipapa,9.15899721,9.15899721
102600,Puketotara,55.26424098,55.26424098
102700,Waima Forest,236.9951698,236.9951698
102800,Riverview,6.21930008,6.21930008
102900,Waipoua Forest,277.8080148,277.8080148
103000,Kerikeri Central,3.71173696,3.71173696
103100,Kerikeri South,15.46843227,15.46843227
103200,Ohaeawai-Waimate North,87.40452306,87.40452306
103300,Puketona-Waitangi,156.3849297,156.3849297
103400,Ngapuhi,175.3900941,175.3900941
103500,Kaikohe,5.67512268,5.67512268
103600,Pakaraka,72.33748195,72.33748195
103700,Haruru,1.52772435,1.52772435
103800,Russell,3.27931477,3.27931477
103900,Paihia,2.2421089,2.2421089
104000,Mataraua Forest,272.9269353,272.9269353
104100,Matawaia-Taumarere,410.6837121,410.6837121
104200,Russell Peninsula,26.20135237,26.20135237
104300,Opua (Far North District),5.62247307,5.62247307
104400,Russell Forest-Rawhiti,191.3795095,191.3795095
104500,Moerewa,1.87566952,1.87566952
104600,Kawakawa,1.73247964,1.73247964
104700,Maromaku,238.3086231,238.3086231
104800,Mangakahia-Hukerenui,658.547061,658.547061
104900,Whangaruru,469.3520103,469.3520103
105100,Matarau,108.385939,108.385939
105200,Hikurangi,4.0002501,4.0002501
105300,Kauri,56.10398784,56.10398784
105400,Maungatapere,174.4796257,174.4796257
105500,Kamo West,4.49900752,4.49900752
105600,Matapouri-Tutukaka,78.46534341,78.46534341
105700,Kiripaka,72.06743057,72.06743057
105800,Kamo East,1.42716225,1.42716225
105900,Granfield Reserve,1.66090904,1.66090904
106000,Kamo Central,1.09354706,1.09354706
106100,Whau Valley,7.18025885,7.18025885
106200,Tikipunga North,2.74100722,2.74100722
106300,Pukenui,19.19103565,19.19103565
106400,Otangarei,1.03955837,1.03955837
106500,Tikipunga South,2.74033953,2.74033953
106600,Kensington (Whangarei District),3.11118529,3.11118529
106700,Abbey Caves-Glenbervie,32.11865017,32.11865017
106800,Mairtown,0.94419075,0.94419075
106900,Maunu-Horahora,4.29745554,4.29745554
107000,Woodhill-Vinetown,1.38522205,1.38522205
107100,Whangarei Central,2.81299371,2.81299371
107200,Riverside,3.50780578,3.50780578
107300,Raumanga,3.46035972,3.46035972
107400,Tarewa,0.94067805,0.94067805
107500,Morningside (Whangarei District),1.20188251,1.20188251
107600,Ngunguru,3.56520869,3.56520869
107700,Otaika-Portland,41.34127459,41.34127459
107800,Oakleigh-Mangapai,323.7810065,323.7810065
107900,Port-Limeburners,7.41161121,7.41161121
108000,Pataua,128.5872606,128.5872606
108100,Onerahi Park,1.9996437,1.9996437
108200,Sherwood Rise,1.30633937,1.30633937
108300,Onerahi,2.29421222,2.29421222
108500,Parua Bay,39.0954391,39.0954391
108600,Bream Bay,235.3179838,235.3179838
108700,Marsden Bay,6.10249454,6.10249454
108800,Ruakaka,15.79852036,15.79852036
108900,Bream Head,52.18004192,52.18004192
109000,Waipu,136.5945864,136.5945864
109100,Kaipara Coastal,1248.06199,1248.06199
109200,Maungaru,691.9661207,691.9661207
109300,Dargaville,12.55839585,12.55839585
109400,Ruawai-Matakohe,530.4440327,530.4440327
109500,Otamatea (Kaipara District),244.8915893,244.8915893
109600,Maungaturoto,21.59969701,21.59969701
109700,Kaiwaka,259.0259184,259.0259184
109800,Mangawhai Rural,91.18003775,91.18003775
109900,Mangawhai Heads,6.98889597,6.98889597
110100,Mangawhai,1.99427586,1.99427586
110200,Okahukura Peninsula,211.180813,211.180813
110400,Cape Rodney,370.6477425,370.6477425
110500,Wellsford,4.55282827,4.55282827
110700,South Head,339.7938971,339.7938971
110800,Kaipara Hills,282.5973812,282.5973812
110900,Dome Valley-Matakana,84.7499658,84.7499658
111100,Warkworth West,11.35975247,11.35975247
111200,Puhoi Valley,236.5299646,236.5299646
111300,Warkworth East,4.21863402,4.21863402
111400,Sandspit,22.43923564,22.43923564
111500,Tawharanui Peninsula,46.6707281,46.6707281
111600,Te Kuru,80.93043952,80.93043952
111700,Snells Beach,3.82725987,3.82725987
111800,Barrier Islands,320.4141008,320.4141008
111900,Algies Bay-Scotts Landing,15.36828354,15.36828354
112100,Wainui-Waiwera,78.7150854,78.7150854
112200,Parakai,1.45487644,1.45487644
112300,Helensville Rural,56.91997862,56.91997862
112400,Helensville,3.36590766,3.36590766
112500,Waitoki,40.75529776,40.75529776
112600,Waikoukou Valley,52.8545831,52.8545831
112700,Orewa North,3.0420543,3.0420543
112800,Hatfields Beach,0.92325487,0.92325487
112900,Orewa South,2.31160628,2.31160628
113000,Orewa Central,1.45284321,1.45284321
113100,Millwater North,1.75217359,1.75217359
113200,Waipatukahu,52.05879697,52.05879697
113300,Millwater South,2.41113494,2.41113494
113400,Dairy Flat North,22.96899967,22.96899967
113500,Dairy Flat West,30.97978859,30.97978859
113600,Kingsway,0.9031104,0.9031104
113700,Riverhead Forest,48.42763587,48.42763587
113800,Silverdale Central (Auckland),3.36140307,3.36140307
113900,Red Beach West,1.83998367,1.83998367
114000,Red Beach East,1.56444435,1.56444435
114100,Silverdale South (Auckland),10.18954365,10.18954365
114200,Waimauku,5.63314315,5.63314315
114300,Gulf Islands,66.09614073,66.09614073
114400,Vipond,1.38113819,1.38113819
114500,Muriwai,3.01225115,3.01225115
114600,Stanmore Bay West,0.98684481,0.98684481
114700,Kumeu Rural West,24.43335565,24.43335565
114800,Okura Bush,28.98872701,28.98872701
114900,Whangaparoa Central,3.6915778,3.6915778
115000,Kumeu-Huapai,6.3210669,6.3210669
115100,Stanmore Bay East,1.33781837,1.33781837
115200,Manly West,1.0323979,1.0323979
115300,Muriwai Valley-Bethells Beach,35.35470719,35.35470719
115400,Tindalls-Matakatia,2.93347637,2.93347637
115500,Coatesville,24.36637718,24.36637718
115600,Dairy Flat South,15.21709972,15.21709972
115700,Gulf Harbour North,1.75709588,1.75709588
115800,Manly East,1.57463079,1.57463079
115900,Riverhead,4.05197196,4.05197196
116000,Army Bay,6.21560447,6.21560447
116100,Kumeu Rural East,14.92218201,14.92218201
116200,Gulf Harbour South,2.42885442,2.42885442
116300,Paremoremo West,9.47118767,9.47118767
116400,Taupaki,27.20363525,27.20363525
116500,Long Bay,2.78715748,2.78715748
116600,Paremoremo East,11.60727229,11.60727229
116700,Albany Heights,3.10401049,3.10401049
116800,Awaruku,1.52194123,1.52194123
116900,Fairview Heights,1.60195262,1.60195262
117000,Whenuapai,19.68007147,19.68007147
117100,Waitakere Ranges North,86.79304966,86.79304966
117200,Torbay,1.43387594,1.43387594
117300,Albany Central,3.21005397,3.21005397
117400,Albany West,2.05684939,2.05684939
117500,Glamorgan,0.95916761,0.95916761
117600,Oteha East,0.7675859,0.7675859
117700,Northcross,1.07045666,1.07045666
117800,Oteha West,0.52993903,0.52993903
117900,Waiake,1.24892146,1.24892146
118000,Waitakere,15.29077813,15.29077813
118100,Albany South,1.48565737,1.48565737
118200,Browns Bay South West,1.15033555,1.15033555
118300,Browns Bay Central,1.18361569,1.18361569
118400,Schnapper Rock,2.21506546,2.21506546
118500,Pinehill,1.62934248,1.62934248
118600,North Harbour,5.48639767,5.48639767
118700,Browns Bay South East,0.85629308,0.85629308
118800,Westgate Central,1.8634158,1.8634158
118900,Greenhithe West,2.72201146,2.72201146
119000,Rothesay Bay,0.86585503,0.86585503
119100,Greenhithe East,1.4377182,1.4377182
119200,Hobsonville,2.17407942,2.17407942
119400,Greenhithe South,3.64452286,3.64452286
119500,Murrays Bay West,0.95565783,0.95565783
119600,Westgate South,1.70943132,1.70943132
119700,Windsor Park,0.8358418,0.8358418
119800,West Harbour West,1.96049692,1.96049692
119900,Unsworth Heights West,0.74886125,0.74886125
120000,Murrays Bay East,0.69854186,0.69854186
120100,Birdwood West,5.93628175,5.93628175
120200,Hobsonville Point,3.53881189,3.53881189
120300,West Harbour Clearwater Cove,1.35746453,1.35746453
120400,Unsworth Heights East,1.10807496,1.10807496
120500,Mairangi Bay North,0.92453074,0.92453074
120600,Massey Central,0.88452792,0.88452792
120700,West Harbour Luckens Point,0.9837843,0.9837843
120800,Mairangi Bay South,0.80141814,0.80141814
120900,Massey Royal Road West,0.89641575,0.89641575
121000,Bayview East,1.3746752,1.3746752
121100,Swanson Rural,15.14912979,15.14912979
121200,Sunnynook South,0.80161344,0.80161344
121300,Sunnynook North,0.74464289,0.74464289
121400,Bayview West,0.73414884,0.73414884
121500,Totara Vale North,0.86679243,0.86679243
121600,Royal Heights North,1.4951159,1.4951159
121700,Massey West,1.18469773,1.18469773
121800,Beach Haven West,1.20746209,1.20746209
121900,Totara Vale South,0.8961397,0.8961397
122000,Swanson,1.89457019,1.89457019
122100,Bayview South,0.93345761,0.93345761
122200,Campbells Bay,1.74294503,1.74294503
122300,Royal Heights South,1.13131504,1.13131504
122400,Beach Haven East,1.12103775,1.12103775
122500,Massey East,1.14447088,1.14447088
122600,Forrest Hill North,0.73717907,0.73717907
122700,Glenfield North,0.80678426,0.80678426
122800,Birkdale North,1.38573801,1.38573801
122900,Massey South,1.38681668,1.38681668
123000,Ranui North,1.02923012,1.02923012
123100,Glenfield West,0.9701519,0.9701519
123200,Te Atatu Peninsula North West,1.11259918,1.11259918
123300,Glenfield South West,1.19104282,1.19104282
123400,Forrest Hill West,1.23523515,1.23523515
123500,Wairau Valley,2.56373017,2.56373017
123600,Forrest Hill East,0.92449513,0.92449513
123700,Castor Bay,1.44377056,1.44377056
123800,Ranui Domain,0.87018239,0.87018239
123900,Beach Haven South,1.34039733,1.34039733
124000,Glenfield Central,1.12786017,1.12786017
124100,Piha,5.23830468,5.23830468
124200,Ranui South West,0.73694345,0.73694345
124300,Henderson Larnoch,0.96975579,0.96975579
124400,Birkdale South,1.40729671,1.40729671
124500,Te Atatu Peninsula Central,1.11370438,1.11370438
124600,Glenfield East,0.61847921,0.61847921
124700,Henderson Valley,15.02367834,15.02367834
124800,Te Atatu Peninsula West,1.42485167,1.42485167
124900,Henderson Lincoln West,0.8979807,0.8979807
125000,Ranui South East,0.94515226,0.94515226
125100,Henderson Lincoln East,1.94435988,1.94435988
125200,Birkenhead West,2.26268676,2.26268676
125300,Te Atatu Peninsula East,1.80961684,1.80961684
125400,Milford West,0.83338076,0.83338076
125500,Westlake,0.68702661,0.68702661
125600,Hillcrest North (Auckland),0.979803,0.979803
125700,Henderson Lincoln South,1.35507716,1.35507716
125800,Hillcrest West (Auckland),0.88492421,0.88492421
125900,Milford Central,0.74357208,0.74357208
126000,Summerland South,1.33401073,1.33401073
126100,Summerland North,0.85091711,0.85091711
126200,Hillcrest East (Auckland),1.06377776,1.06377776
126300,Chatswood,3.06591655,3.06591655
126400,Te Atatu South-Edmonton,1.06450047,1.06450047
126500,Birkenhead North,1.01193257,1.01193257
126600,Takapuna West,2.34723641,2.34723641
126700,Henderson North,1.39367119,1.39367119
126800,Takapuna Central,0.98523807,2.05181153
126900,Western Heights (Auckland),1.35847366,1.35847366
127000,Te Atatu South-Central,1.36315269,1.36315269
127100,Northcote Central (Auckland),0.68691447,0.68691447
127200,Akoranga,1.16291081,1.16291081
127300,Northcote South (Auckland),1.1402653,1.1402653
127400,Birkenhead South,1.36168693,1.36168693
127500,Henderson Central,2.01570656,2.01570656
127600,Waiatarua,11.28314106,11.28314106
127700,Te Atatu South-McLeod North,1.00774866,1.00774866
127800,Henderson Valley Park,0.74972535,0.74972535
127900,Henderson North East,0.80084123,0.80084123
128000,Waitakere Ranges South,101.5581957,101.5581957
128100,Northcote Tuff Crater,1.11349965,1.11349965
128200,Northcote Point (Auckland),1.17316392,1.17316392
128300,McLaren Park,1.08839966,1.08839966
128400,Henderson East,0.79307801,0.79307801
128500,Te Atatu South-McLeod South,1.10520842,1.10520842
128600,Takapuna South,0.50774882,0.50774882
128700,Rosebank Peninsula,2.36288135,2.36288135
128800,Hauraki,1.09537724,1.09537724
128900,Glendene North,1.40683624,1.40683624
129000,Sunnyvale West-Parrs Park,0.84167882,0.84167882
129100,Sunnyvale East,2.66156357,2.66156357
129200,Point Chevalier West,1.37246778,1.37246778
129300,Belmont (Auckland),1.15328719,1.15328719
129400,Bayswater,1.09694838,1.09694838
129500,Glendene South,1.09858069,1.09858069
129600,Glen Eden West,1.15452382,1.15452382
129700,Herne Bay,0.87695477,0.87695477
129800,Westmere North,0.64508194,0.64508194
129900,Point Chevalier East,1.38070934,1.38070934
130000,Oratia,17.19117463,17.19117463
130100,Glen Eden Rosier,1.2449007,1.2449007
130200,Saint Marys Bay,0.84151164,0.84151164
130300,Westmere South-Western Springs,2.02147354,2.02147354
130400,Ponsonby West,0.65007251,0.65007251
130500,Kelston North,0.96688836,0.96688836
130600,Avondale Rosebank,1.02743212,1.02743212
130700,Narrow Neck,1.82165746,1.82165746
130800,Glen Eden North,0.73469348,0.73469348
130900,Glen Eden Woodglen,1.30115519,1.30115519
131000,Kelston South,0.83674883,0.83674883
131100,Waterview,1.11588506,1.11588506
131200,Ponsonby East,0.70309519,0.70309519
131300,Wynyard-Viaduct,0.60002227,0.60002227
131400,Stanley Point,0.99187144,0.99187144
131500,Glen Eden Central,1.24685079,1.24685079
131600,Grey Lynn North,0.7250584,0.7250584
131700,Avondale West (Auckland),0.7398201,0.7398201
131800,Freemans Bay,1.03577817,1.03577817
131900,Mount Albert West,1.39086731,1.39086731
132000,Avondale North (Auckland),1.23589539,1.23589539
132100,Grey Lynn West,0.80088071,0.80088071
132200,Mount Albert North,1.51386864,1.51386864
132300,New Lynn North,0.73891938,0.73891938
132400,Victoria Park,0.44829837,0.44829837
132500,Konini,1.97176048,1.97176048
132600,New Lynn North West,0.68978189,0.68978189
132700,Hobson Ridge North,0.14928093,0.14928093
132800,Grey Lynn Central,0.71192692,0.71192692
132900,Fruitvale,0.85234856,0.85234856
133000,Devonport,1.07894838,1.07894838
133100,Avondale Central (Auckland),1.11535228,1.11535228
133200,Queen Street,0.1684386,0.1684386
133300,Quay Street-Customs Street,1.21741902,1.21741902
133400,Hobson Ridge Central,0.0633195,0.0633195
133500,Grey Lynn East,0.5797935,0.5797935
133600,Morningside (Auckland),1.09355854,1.09355854
133700,Shortland Street,0.12741288,0.12741288
133800,Hobson Ridge South,0.13699998,0.13699998
133900,New Lynn Central,1.17480021,1.17480021
134000,Cheltenham,0.81532065,0.81532065
134100,Queen Street South West,0.22878127,0.22878127
134200,Mount Albert Central,1.31350682,1.31350682
134300,Karangahape,0.28481657,0.28481657
134400,Kingsland,0.77242481,0.77242481
134500,Anzac Avenue,0.10247702,0.10247702
134600,Waima-Woodlands Park,3.48409996,3.48409996
134700,Kaurilands,1.46132216,1.46132216
134800,Auckland-University,0.34902817,0.34902817
134900,New Lynn Seabrook,0.72255597,0.72255597
135000,Avondale South (Auckland),1.17736514,1.17736514
135100,Symonds Street North West,0.08720836,0.08720836
135200,Mount Albert South,0.83111668,0.83111668
135300,Symonds Street West,0.14523677,0.14523677
135400,West Lynn,1.22670754,1.22670754
135500,Owairaka West,0.91844127,0.91844127
135600,New Lynn Central South,0.73948962,0.73948962
135700,The Strand,0.16919215,0.16919215
135800,St Lukes,0.46193499,0.46193499
135900,Symonds Street East,0.10348319,0.10348319
136000,Eden Terrace,0.84042414,0.84042414
136100,Grafton,0.64384001,0.64384001
136200,Eden Park,0.50617462,0.50617462
136300,Sandringham North,0.85722097,0.85722097
136400,Parnell West,1.64924937,1.64924937
136500,New Lynn South,1.43654054,1.43654054
136600,New Windsor North,0.86782722,0.86782722
136700,Titirangi South,4.73299752,4.73299752
136800,Owairaka East,0.4025211,0.4025211
136900,Eden Valley,0.58402708,0.58402708
137000,Sandringham Central,0.4723102,0.4723102
137100,Glenavon,0.63982835,0.63982835
137200,Blockhouse Bay North,0.92504226,0.92504226
137300,Green Bay North,1.03578148,1.03578148
137400,Parnell East,1.22491492,1.22491492
137500,Laingholm,4.07829951,4.07829951
137600,Sandringham West,0.4767622,0.4767622
137700,Mount Eden North East,0.46591267,0.46591267
137800,Mount Eden North,0.87610629,0.87610629
137900,Wesley West,0.75674571,0.75674571
138000,Green Bay South,1.25786551,1.25786551
138100,Balmoral,0.78483197,0.78483197
138200,Sandringham East,0.71518377,0.71518377
138300,New Windsor South,1.11580579,1.11580579
138400,Mount Eden West,0.79122761,0.79122761
138500,Newmarket,1.07489367,1.07489367
138600,Blockhouse Bay North East,0.52948071,0.52948071
138700,Epsom North,1.0762293,1.0762293
138800,Wesley South,0.68276864,0.68276864
138900,Blockhouse Bay South,1.67086642,1.67086642
139000,Mount Eden East,0.76425141,0.76425141
139100,Wesley East,0.60703951,0.60703951
139200,Orakei West,1.35364764,1.35364764
139300,Maungawhau,0.73452195,0.73452195
139400,Remuera West,0.87955693,0.87955693
139500,Blockhouse Bay East,0.77910259,0.77910259
139600,Lynfield North,0.94159197,0.94159197
139700,Mount Roskill North,0.95837557,0.95837557
139800,Mount Roskill White Swan,1.04194196,1.04194196
139900,Mount Eden South,0.87283197,0.87283197
140000,Remuera Waitaramoa,1.69215353,1.69215353
140100,Orakei East,1.70739051,1.70739051
140200,Epsom Central-North,1.10588807,1.10588807
140300,Mount St John,1.24254315,1.24254315
140400,Mount Roskill Central North,0.89983995,0.89983995
140500,Remuera North,1.39680508,1.39680508
140600,Three Kings West,0.6471001,0.6471001
140700,Mount Roskill Central South,1.20295544,1.20295544
140800,Epsom Central-South,0.98346492,0.98346492
140900,Lynfield South,1.57565769,1.57565769
141000,Remuera South,1.42912557,1.42912557
141100,Mission Bay,1.54574692,1.54574692
141200,Three Kings East,0.67406907,0.67406907
141300,Mount Roskill South,1.12961152,1.12961152
141500,Epsom East,1.26821039,1.26821039
141600,Remuera Waiata,0.94346871,0.94346871
141700,Epsom South,0.59629985,0.59629985
141800,Kohimarama,1.51293355,1.51293355
141900,Meadowbank West,1.04159595,1.04159595
142000,Hillsborough North (Auckland),1.29279528,1.29279528
142100,Hillsborough West (Auckland),0.84158981,0.84158981
142200,Greenlane North,1.14324419,1.14324419
142300,Waikowhai North,0.69810774,0.69810774
142400,Remuera East,0.88580134,0.88580134
142500,Waikowhai South,1.35684679,1.35684679
142600,Royal Oak West (Auckland),0.81143579,0.81143579
142700,Saint Heliers West,1.18574088,1.18574088
142800,One Tree Hill,2.74928149,2.74928149
142900,Hillsborough East (Auckland),0.62787049,0.62787049
143000,Saint Heliers North,1.33837279,1.33837279
143100,Remuera Abbotts Park,1.02250692,1.02250692
143200,Meadowbank East,0.65235233,0.65235233
143300,Ellerslie Central,1.49407522,1.49407522
143400,Royal Oak East (Auckland),0.64096806,0.64096806
143500,Saint Heliers South,1.22213447,1.22213447
143600,Hillsborough South (Auckland),1.15992616,1.15992616
143700,Saint Johns West,1.04254909,1.04254909
143800,Greenlane South,0.85269356,0.85269356
143900,Remuera Waiatarua,1.57029302,1.57029302
144000,Glendowie North,2.04093198,2.04093198
144100,Onehunga West,1.12216103,1.12216103
144200,Ellerslie West,0.39993535,0.39993535
144300,Onehunga North,0.77236244,0.77236244
144400,Ellerslie East,0.75498159,0.75498159
144500,Saint Johns East,0.60554145,0.60554145
144600,Oneroa West,8.42001024,8.42001024
144700,Glen Innes West,1.36746205,1.36746205
144800,Ellerslie South,0.82740695,0.82740695
144900,Stonefields West,0.54220765,0.54220765
145000,Onehunga Central,0.86447109,0.86447109
145100,Glendowie South,2.01342959,2.01342959
145200,Oranga,0.66853336,0.66853336
145300,Mount Wellington North West,0.92460656,0.92460656
145400,Panmure Glen Innes Industrial,2.01305756,2.01305756
145500,Onehunga-Te Papapa Industrial,2.94146082,2.94146082
145600,Te Papapa,0.71125763,0.71125763
145700,Stonefields East,0.44566631,0.44566631
145800,Glen Innes East-Wai O Taiki Bay,1.39731695,1.39731695
145900,Penrose,6.42109891,6.42109891
146000,Mount Wellington North East,0.72698014,0.72698014
146100,Mangere Bridge Ambury,3.14003429,3.14003429
146200,Mount Wellington Ferndale,0.85764389,0.85764389
146300,Point England,1.49144741,1.49144741
146400,Bucklands Beach North,1.38358083,1.38358083
146500,Mount Wellington East,0.59950667,0.59950667
146600,Mount Wellington West,0.77910143,0.77910143
146700,Panmure West,0.64310957,0.64310957
146800,Mangere Bridge,1.61801696,1.61801696
146900,Oneroa East-Palm Beach,3.67314986,3.67314986
147000,Tamaki,1.29535319,1.29535319
147100,Panmure East,1.01366203,1.01366203
147200,Mount Wellington Central,1.20738713,1.20738713
147400,Sylvia Park,0.55720563,0.55720563
147500,Mangere Mountain View,1.69738429,1.69738429
147600,Surfdale,2.61127994,2.61127994
147700,Mount Wellington Industrial,3.33330808,3.33330808
147800,Half Moon Bay West,1.13580706,1.13580706
147900,Auckland Airport,23.07816449,23.07816449
148000,Eastern Beach,1.18089038,1.18089038
148100,Sunnyhills West-Pakuranga North,1.62660244,1.62660244
148200,Favona North,1.10911439,1.10911439
148300,Bucklands Beach Central,0.57859096,0.57859096
148400,Farm Cove,0.97579917,0.97579917
148500,Mangere North,0.71610265,0.71610265
148600,Favona West,0.85944157,0.85944157
148700,Ostend,3.91381801,3.91381801
148800,Half Moon Bay North East,0.64603014,0.64603014
148900,Mangere West,0.94253489,0.94253489
149000,Pakuranga West,1.39204826,1.39204826
149100,Mount Wellington South West,0.69676276,0.69676276
149200,Sunnyhills East,0.87367206,0.87367206
149300,Half Moon Bay South East,0.83429938,0.83429938
149400,Favona East,0.63568423,0.63568423
149500,Mount Wellington South East,0.67318677,0.67318677
149600,Otahuhu Industrial,1.84535251,1.84535251
149700,Bucklands Beach South,1.12045176,1.12045176
149800,Pakuranga Central,1.12595262,1.12595262
149900,Awhitu,221.5584474,221.5584474
150000,Harania North,0.94437248,0.94437248
150100,Otahuhu Central,1.26371643,1.26371643
150200,Mangere Central,1.44492264,1.44492264
150300,Otahuhu North,0.72481482,0.72481482
150400,Howick West,1.19261311,1.19261311
150500,Pakuranga Heights North West,0.76233989,0.76233989
150600,Mellons Bay,1.67597292,1.67597292
150700,Pakuranga Heights East,1.79066061,1.79066061
150800,Sutton Park,0.73066561,0.73066561
150900,Otahuhu East,0.78748523,0.78748523
151000,Mangere South,0.83312102,0.83312102
151100,Onetangi,5.96163345,5.96163345
151200,Harania South,0.77647517,0.77647517
151300,Highland Park (Auckland),1.37635731,1.37635731
151400,Otahuhu South West,1.24162382,1.24162382
151500,Pakuranga Heights South West,0.97371434,0.97371434
151600,Mangere Mascot,0.78432156,0.78432156
151700,Waiheke East,87.58062844,87.58062844
151800,Massey Road West,0.6935197,0.6935197
151900,Otahuhu South,0.81751878,0.81751878
152000,Howick Central,0.8576312,0.8576312
152100,Massey Road North,0.85966762,0.85966762
152200,Botany Downs West,0.81388434,0.81388434
152300,East Tamaki,7.77487822,7.77487822
152400,Howick East,1.10919825,1.10919825
152500,Burswood,0.52549252,0.52549252
152600,Massey Road South,0.32471635,0.32471635
152700,Middlemore,0.72022213,0.72022213
152800,Mangere South East,4.33120515,4.33120515
152900,Botany Downs East,0.67735204,0.67735204
153000,Grange,1.43178144,1.43178144
153100,Golflands,1.40769231,1.40769231
153200,Aorere North,0.33000405,0.33000405
153300,Mangere East,0.86872274,0.86872274
153400,Cockle Bay,1.72842716,1.72842716
153500,Otara West,1.55637466,1.55637466
153600,Aorere Central,0.62009558,0.62009558
153700,Northpark North,0.86166842,0.86166842
153800,Somerville,1.556066,1.556066
153900,Northpark South,0.70661609,0.70661609
154000,Papatoetoe North,0.99327077,0.99327077
154100,Dingwall,0.8271738,0.8271738
154200,Aorere South,1.23946499,1.23946499
154300,Shelly Park,1.23160322,1.23160322
154400,Otara Central,1.52354042,1.52354042
154500,Huntington Park,0.43629701,0.43629701
154600,Botany Central,0.46967107,0.46967107
154700,Botany North,0.92492593,0.92492593
154800,Papatoetoe West,1.22430286,1.22430286
154900,Papatoetoe Central,1.45738387,1.45738387
155000,Sunkist Bay,1.52795082,1.52795082
155100,Otara East,0.86784541,0.86784541
155200,Redcastle,0.55559047,0.55559047
155300,Botany East,0.78144969,0.78144969
155400,Botany South,0.74938028,0.74938028
155500,Manukau Central,11.40067045,11.40067045
155600,Papatoetoe East,1.0684957,1.0684957
155700,Otara South,0.80187121,0.80187121
155800,Ferguson,0.98687785,0.98687785
155900,Papatoetoe South West,0.8285968,0.8285968
156000,Botany Junction,2.48251702,2.48251702
156100,Dannemora North,0.54899463,0.54899463
156200,Papatoetoe South,0.79596426,0.79596426
156300,East Tamaki Heights,1.23138113,1.23138113
156400,Te Puru,7.2901401,7.2901401
156500,Puhinui North,0.70328268,0.70328268
156600,Dannemora South,0.63838551,0.63838551
156700,Puhinui South,0.5260906,0.5260906
156800,Rongomai West,0.48507019,0.48507019
156900,Baverstock,1.09060982,1.09060982
157000,Puhinui East,0.60410026,0.60410026
157100,Turanga,84.96233351,84.96233351
157200,Rongomai East,0.58097595,0.58097595
157300,Ormiston North,2.30075808,2.30075808
157400,Maraetai,6.88515504,6.88515504
157500,Chapel Downs,0.76033315,0.76033315
157600,Wiri West,8.04089146,8.04089146
157700,Clover Park North,0.92445239,0.92445239
157800,Mission Heights North,1.07241323,1.07241323
157900,Clover Park South,1.18316226,1.18316226
158000,Donegal Park,0.9076278,0.9076278
158100,Ormiston South,1.70316998,1.70316998
158200,Mission Heights South,0.86985025,0.86985025
158300,Hilltop (Auckland),1.14166187,1.14166187
158400,Wiri East,1.37110039,1.37110039
158500,Goodwood Heights,1.28157262,1.28157262
158600,Ormiston East,4.41466727,4.41466727
158700,Clendon Park North,0.74920256,0.74920256
158800,Burbank,0.64850807,0.64850807
158900,Tuscany Heights,6.6289288,6.6289288
159000,Totara Heights,0.85465897,0.85465897
159100,Homai East,0.71246766,0.71246766
159200,Homai West,0.91194953,0.91194953
159300,The Gardens (Auckland),4.08900902,4.08900902
159400,Clarks Beach,2.67302174,2.67302174
159500,Clendon Park West,0.59408604,0.59408604
159600,Hillpark North,0.66048296,0.66048296
159700,Clendon Park East,0.46283705,0.46283705
159800,Karaka Creek,34.78065649,34.78065649
159900,Rowandale West,0.6882183,0.6882183
160000,Rowandale East,0.83155282,0.83155282
160100,Manurewa Central,1.07399259,1.07399259
160200,Weymouth North,1.0188509,1.0188509
160300,Hillpark South,1.08741456,1.08741456
160400,Alfriston,1.95412196,1.95412196
160500,Weymouth East,0.98724325,0.98724325
160600,Leabank,1.48914276,1.48914276
160700,Weymouth South,1.0583023,1.0583023
160800,Manurewa East,0.82830357,0.82830357
160900,Manurewa South,1.21704652,1.21704652
161000,Randwick Park East,0.74726124,0.74726124
161100,Wattle Downs West,1.47727217,1.47727217
161200,Wattle Downs North,0.55995069,0.55995069
161300,Randwick Park West,0.70415333,0.70415333
161400,Kingseat-Karaka,86.66018776,86.66018776
161500,Wattle Downs East,1.01653039,1.01653039
161600,Takanini North,5.27797258,5.27797258
161700,Takanini Industrial,0.88082534,0.88082534
161800,Conifer Grove West,1.58524567,1.58524567
161900,Conifer Grove East,0.64940367,0.64940367
162000,Takanini West,0.68633159,0.68633159
162100,Takanini South,2.31895061,2.31895061
162200,Takanini Central,1.07936223,1.07936223
162300,Ardmore,44.26853484,44.26853484
162400,Glenbrook,53.15868013,53.15868013
162500,Hingaia,3.61581438,3.61581438
162600,Takanini South East,1.46889043,1.46889043
162700,Kawakawa Bay-Orere,208.7754467,208.7754467
162800,Papakura West,0.56013558,0.56013558
162900,Clevedon,49.97263142,49.97263142
163000,Papakura North,1.2487808,1.2487808
163100,Pahurehure,1.2071569,1.2071569
163200,Papakura Central,1.56524401,1.56524401
163300,Papakura North East,1.48821034,1.48821034
163400,Karaka Lakes,3.3305519,3.3305519
163500,Papakura Kelvin,1.01704881,1.01704881
163600,Papakura Massey Park,0.89410414,0.89410414
163700,Rosehill,1.54499723,1.54499723
163800,Patumahoe,34.37898701,34.37898701
163900,Papakura East,2.01763954,2.01763954
164000,Opaheke,1.10867301,1.10867301
164100,Papakura Industrial,1.53838175,1.53838175
164200,Red Hill,2.1029976,2.1029976
164300,Drury,10.3915445,10.3915445
164400,Tamakae,1.34089266,1.34089266
164500,Hamilton Estate,2.25898673,2.25898673
164600,Drury Rural,36.00907218,36.00907218
164700,Waiuku Central,1.13131897,1.13131897
164800,Waiuku East,0.83262875,0.83262875
164900,Kendallvale,2.14456963,2.14456963
165000,Puni,38.19095891,38.19095891
165100,Ramarama,43.61591016,43.61591016
165200,Hunua,77.83513493,77.83513493
165300,Pukekohe North West,4.78236896,4.78236896
165400,Anselmi Ridge,7.53297597,7.53297597
165500,Pukekohe West,2.20764245,2.20764245
165600,Cape Hill,0.71737513,0.71737513
165700,Rosa Birch Park,0.79170524,0.79170524
165800,Rooseville Park,1.34580916,1.34580916
165900,Cloverlea (Auckland),2.37781817,2.37781817
166000,Pukekohe Central,2.93912945,2.93912945
166100,Pukekohe Hospital,0.7348586,0.7348586
166200,Buckland,8.62446111,8.62446111
166300,Bombay Hills,31.68201967,31.68201967
166400,Ararimu,91.30824094,91.30824094
166500,Colville,542.6170096,542.6170096
166600,Islands Thames-Coromandel District,35.38512732,35.38512732
166700,Coromandel,10.86995774,10.86995774
166900,Mercury Bay North,305.2305425,305.2305425
167000,Whitianga North,12.51361931,12.51361931
167100,Whitianga South,4.82697456,4.82697456
167200,Thames Coast,116.1018682,116.1018682
167300,Cooks Beach-Ferry Landing,2.69680107,2.69680107
167400,Mercury Bay South,359.3541652,359.3541652
167500,Kauaeranga,180.502624,180.502624
167600,Thames North,2.62218648,2.62218648
167700,Thames Central,1.27303449,1.27303449
167800,Thames South,3.27854971,3.27854971
167900,Hikuai,284.155896,284.155896
168000,Totora-Kopu,8.38949216,8.38949216
168100,Tairua,4.17166395,4.17166395
168200,Pauanui,9.89683611,9.89683611
168300,Matatoki-Puriri,161.0937934,161.0937934
168400,Whangamata Rural,153.6391229,153.6391229
168500,Whangamata,8.45990329,8.45990329
168600,Miranda-Pukorokoro,81.34040383,81.34040383
168700,Hauraki Plains North,178.738875,178.738875
168800,Hauraki Plains East,90.71412544,90.71412544
168900,Ngatea,3.35368512,3.35368512
169000,Hauraki Plains South,251.3490558,251.3490558
169100,Paeroa Rural,272.5613858,272.5613858
169200,Paeroa,6.86969579,6.86969579
169300,Waihi Rural,375.7522917,375.7522917
169400,Waihi North,2.63486749,2.63486749
169500,Waihi East,4.07789326,4.07789326
169600,Waihi South,2.69478875,2.69478875
169700,Aka Aka,186.8663284,186.8663284
169800,Mangatangi,257.805407,257.805407
169900,Tuakau Rural,46.00082206,46.00082206
170000,Tuakau North,2.69478358,2.69478358
170100,Onewhero,205.4004373,205.4004373
170200,Pokeno Rural,88.62761866,88.62761866
170300,Tuakau South,2.65915739,2.65915739
170400,Port Waikato-Waikaretu,210.1180079,210.1180079
170500,Pokeno,6.43987199,6.43987199
170600,Pukekawa,140.8646289,140.8646289
170700,Maramarua,267.6601144,267.6601144
170800,Rangiriri,137.3401687,172.7885354
170900,Te Akau,804.1179978,816.0191665
171100,Te Kauwhata,1.73961842,1.73961842
171200,Huntly Rural,353.228283,353.228283
171300,Waerenga,261.7261774,261.7261774
171400,Huntly West,5.77450348,5.77450348
171500,Huntly East,8.78164968,8.78164968
171600,Raglan,4.90270989,4.90270989
171700,Whitikahu,253.6268747,253.6268747
171800,Te Uku,549.666875,549.666875
171900,Taupiri-Lake Kainui,49.76237579,49.76237579
172000,Ngaruawahia North,1.15297035,1.15297035
172100,Ngaruawahia Central,3.84713097,3.84713097
172200,Ngaruawahia South,4.42383165,4.42383165
172300,Kainui-Gordonton,88.43275822,88.43275822
172400,Te Kowhai,44.94853011,44.94853011
172500,Whatawhata West,49.90188066,49.90188066
172600,Horotiu,3.23027786,3.23027786
172700,Horsham Downs,15.79714053,15.79714053
172800,Whatawhata East,47.4593307,47.4593307
172900,Rotokauri,15.64035555,15.64035555
173000,Hamilton Park,46.31012113,46.31012113
173100,Eureka-Tauwhare,135.546531,135.546531
173200,Tamahere North,18.67399786,18.67399786
173300,Pukemoremore,43.27696467,43.27696467
173400,Tamahere South,38.83661417,38.83661417
173500,Tahuna-Mangateparu,238.9364069,238.9364069
173600,Mangaiti,258.1055959,258.1055959
173700,Tatuanui,144.4596486,144.4596486
173800,Tahuroa,181.8663369,181.8663369
173900,Morrinsville East,3.87720115,3.87720115
174000,Morrinsville West,3.90331638,3.90331638
174100,Te Aroha East,4.68067303,4.68067303
174200,Te Aroha West,6.29337507,6.29337507
174300,Waihou-Manawaru,140.787967,140.787967
174400,Waitoa-Ngarua,107.2726301,107.2726301
174500,Richmond Downs-Wardville,206.6671925,206.6671925
174600,Waharoa-Peria,74.20316107,74.20316107
174700,Okauia,120.0315188,120.0315188
174800,Hinuera,130.3134081,130.3134081
174900,Matamata North,2.13192328,2.13192328
175000,Matamata South,4.02604771,4.02604771
175100,Te Poi,127.8506162,127.8506162
175200,Te Rapa North,9.24363616,9.24363616
175300,Flagstaff North,1.7641358,1.7641358
175400,Rotokauri-Waiwhakareke,7.1013538,7.1013538
175500,Flagstaff South,1.6387606,1.6387606
175600,Rototuna North,2.66472937,2.66472937
175700,Pukete West,0.8397182,0.8397182
175800,Flagstaff East,1.80597939,1.80597939
175900,Rototuna Central,1.44366123,1.44366123
176000,Pukete East,1.09134429,1.09134429
176100,Te Manatu,1.32591108,1.32591108
176200,Rototuna South,1.97767227,1.97767227
176300,Te Rapa South,3.91540699,3.91540699
176400,Saint Andrews West,1.00595172,1.00595172
176500,Saint Andrews East,1.59423372,1.59423372
176600,Queenwood (Hamilton City),1.48862883,1.48862883
176700,St James,0.73392729,0.73392729
176800,Crawshaw,0.86398334,0.86398334
176900,Huntington,1.26251318,1.26251318
177000,Western Heights (Hamilton City),1.07152116,1.07152116
177100,Nawton West,1.09006111,1.09006111
177200,Nawton East,1.31850933,1.31850933
177300,Chartwell,0.89675001,0.89675001
177400,Forest Lake (Hamilton City),1.22811347,1.22811347
177500,Chedworth,0.87746908,0.87746908
177600,Beerescourt,1.02007447,1.02007447
177700,Miropiko,2.07899066,2.07899066
177800,Porritt,1.23391248,1.23391248
177900,Dinsdale North,1.52121058,1.52121058
178000,Maeroa,1.27988267,1.27988267
178100,Dinsdale South,1.56104917,1.56104917
178200,Fairfield (Hamilton City),1.39910689,1.39910689
178300,Whitiora,0.90554719,0.90554719
178400,Enderley North,0.69456729,0.69456729
178500,Fairview Downs,1.12334837,1.12334837
178600,Temple View,4.37308866,4.37308866
178700,Swarbrick,0.50570516,0.50570516
178800,Kahikatea,0.97755503,0.97755503
178900,Frankton Junction,3.34097047,3.34097047
179000,Kirikiriroa,0.50947204,0.50947204
179100,Enderley South,0.7657536,0.7657536
179200,Ruakura,9.02471559,9.02471559
179300,Claudelands,1.38374093,1.38374093
179400,Hamilton Central,1.15979791,1.15979791
179500,Hamilton Lake,1.86435898,2.42795572
179600,Peachgrove,1.4355266,1.4355266
179700,Hamilton East Village,1.32122462,1.32122462
179800,Hamilton West,0.91466453,0.91466453
179900,Greensboro,0.46632127,0.46632127
180000,Hamilton East Cook,0.73364708,0.73364708
180100,Melville North,0.68833641,0.68833641
180200,Hamilton East,2.22133352,2.22133352
180300,Melville South,0.98998228,0.98998228
180400,Deanwell,0.67020492,0.67020492
180500,Bader,1.09710993,1.09710993
180600,Hillcrest West (Hamilton City),0.8705409,0.8705409
180700,Hillcrest East (Hamilton City),1.01716852,1.01716852
180800,Silverdale (Hamilton City),0.80221816,0.80221816
180900,Glenview,0.8946037,0.8946037
181000,Resthill,1.12136603,1.12136603
181100,Fitzroy,1.48946017,1.48946017
181200,Riverlea,1.73946532,1.73946532
181300,Peacockes,6.93282976,6.93282976
181400,Te Pahu,158.1622084,158.1622084
181500,Ngahinapouri,73.93837505,73.93837505
181700,Lake Ngaroto,94.56788423,94.56788423
181800,Kaipaki,36.52263703,36.52263703
181900,Pirongia,3.26991434,3.26991434
182000,Hautapu Rural,14.70800729,14.70800729
182100,Pokuru,109.198926,109.198926
182200,Te Rahu,55.22999875,55.22999875
182300,Fencourt,25.20991367,25.20991367
182400,Hautapu,7.43406665,7.43406665
182500,Karapiro,190.806495,190.806495
182600,Cambridge North,1.79761003,1.79761003
182700,Cambridge West,2.23241964,2.23241964
182800,Cambridge East,1.58485862,1.58485862
182900,Cambridge Park-River Garden,3.01453775,3.01453775
183000,Oaklands-St Kilda,1.68239069,1.68239069
183100,Pukerimu,77.24579683,77.24579683
183200,Cambridge Central,2.8115556,2.8115556
183300,Te Awamutu North,2.81794806,2.81794806
183400,Te Awamutu West,0.78264233,0.78264233
183500,Leamington West,1.26230758,1.26230758
183600,Goodfellow Park,0.94961807,0.94961807
183700,Leamington South,2.24438726,2.24438726
183800,Leamington Central,1.19328598,1.19328598
183900,Leamington East,1.41410617,1.41410617
184000,Te Awamutu Stadium,1.16584436,1.16584436
184100,Te Awamutu Central,0.71240625,0.71240625
184200,Pekerau,2.77585225,2.77585225
184300,Fraser Street,1.13512075,1.13512075
184400,Sherwin Park,2.13904012,2.13904012
184500,St Leger,7.85428176,7.85428176
184600,Rotoorangi,182.153929,182.153929
184700,Tokanui,23.70023442,23.70023442
184800,Kihikihi Central,2.23827393,2.23827393
184900,Maungatautari,113.0039414,113.0039414
185000,Rotongata,211.5972939,211.5972939
185200,Pirongia Forest,490.813213,490.813213
185300,Honikiwi,245.5935395,245.5935395
185400,Te Kawa,114.6177819,114.6177819
185500,Otorohanga,5.07349034,5.07349034
185600,Maihiihi,469.0650364,469.0650364
185700,Puniu,674.0092552,674.0092552
185800,Tirau,293.0767977,293.0767977
185900,Putararu Rural,555.8150901,555.8150901
186000,Putararu,6.81212093,6.81212093
186100,Kinleith,947.5524994,947.5524994
186200,Paraonui,2.36086267,2.36086267
186300,Parkdale,2.53776218,2.53776218
186400,Matarawa,1.96237305,1.96237305
186500,Stanley Park,1.15485814,1.15485814
186600,Strathmore (South Waikato District),1.24891011,1.24891011
186700,Tokoroa Central,4.70205952,4.70205952
186800,Moananui,1.67889865,1.67889865
187000,Herangi,1668.102664,1668.102664
187100,Hangatiki,326.5203413,326.5203413
187200,Aria,531.7868274,531.7868274
187300,Te Kuiti West,2.59161785,2.59161785
187400,Te Kuiti East,5.82587099,5.82587099
187500,Waipa Valley,817.65608,817.65608
187600,Tiroa,182.3157317,182.3157317
187700,Marotiri,744.1910062,744.1910062
187800,Ohakuri,543.104997,543.104997
187900,Lake Taupo Bays,1154.667424,1170.016349
188000,Mapara,140.665785,140.665785
188100,Inland water Lake Taupo,0,615.0887199
188200,Wairakei-Broadlands,409.9954288,409.9954288
188300,Acacia Bay,7.15005011,7.15005011
188400,Brentwood (Taupo District),3.55543198,3.55543198
188500,Nukuhau-Rangatira Park,2.8693052,2.8693052
188600,Taupo Central West,1.36486547,1.36486547
188700,Tauhara,11.70949371,11.70949371
188800,Taupo Central East,1.09504644,1.09504644
188900,Mountview,1.12441529,1.12441529
189000,Bird Area,1.17912862,1.17912862
189100,Hilltop (Taupo District),2.50418915,2.50418915
189200,Waipahihi,2.55517794,2.55517794
189300,Richmond Heights,1.37184785,1.37184785
189400,Wharewaka,6.46259762,6.46259762
189500,Kaimanawa,1342.173709,1342.173709
189600,Waitahanui,119.8749019,119.8749019
189700,Turangi,7.53236993,7.53236993
189800,Rangataiki,996.271437,996.271437
189900,Taharua,784.2451996,784.2451996
190000,Te More,47.9225809,47.9225809
190100,Waiau,36.0929901,36.0929901
190200,Waihi Beach-Bowentown,6.3127927,6.3127927
190300,Tahawai,82.11792159,82.11792159
190400,Athenree,1.26291361,1.26291361
190500,Aongatete,164.8029575,164.8029575
190600,Katikati,9.53304506,9.53304506
190800,Matakana Island,64.55839578,64.55839578
190900,Pahoia,112.8114203,112.8114203
191000,Omokoroa,3.77183686,3.77183686
191100,Omokoroa Rural,7.91429771,7.91429771
191200,Te Puna,18.15621818,18.15621818
191300,Minden,85.92757164,85.92757164
191400,Kaimai,327.8961387,327.8961387
191500,Kopurererua,20.27143108,20.27143108
191600,Kaitemako (Western Bay of Plenty District),75.76194091,75.76194091
191700,Waiorohi,152.6585083,152.6585083
191800,Otawa,151.6801608,151.6801608
191900,Te Puke West,9.40917651,9.40917651
192000,Rangiuru,220.3326533,220.3326533
192100,Te Puke East,3.98953742,3.98953742
192300,Maketu,5.1545039,5.1545039
192400,Pukehina Beach,1.56624761,1.56624761
192500,Pongakawa,389.0456561,389.0456561
192600,Matua North,1.24158525,1.24158525
192800,Mount Maunganui North,2.02960423,2.02960423
192900,Matua South,1.20268411,1.20268411
193000,Bethlehem North,5.12317947,5.12317947
193100,Bellevue,1.71527262,1.71527262
193200,Otumoetai North,1.72059142,1.72059142
193300,Otumoetai South,1.6002653,1.6002653
193400,Brookfield West,1.05161726,1.05161726
193500,Bethlehem Central,4.26573136,4.26573136
193600,Brookfield East,1.32201851,1.32201851
193700,Mount Maunganui South,0.9418621,0.9418621
193800,Tauranga Central,3.38076384,3.38076384
193900,Mount Maunganui Central,6.91386558,6.91386558
194000,Judea,0.88360423,0.88360423
194100,Te Reti,1.71805627,1.71805627
194200,Bethlehem South,4.48168383,4.48168383
194300,Omanu Beach,1.02425367,1.02425367
194400,Tauranga Hospital,1.94427844,1.94427844
194500,Tauriko,4.82043278,4.82043278
194600,Gate Pa,2.07862379,2.07862379
194700,Greerton South,2.80628447,2.80628447
194800,Tauranga South,2.38991739,2.38991739
194900,Arataki North,2.16080909,2.16080909
195000,Matapihi,3.93905833,3.93905833
195100,Pyes Pa West,4.61267403,4.61267403
195200,Greerton North,1.39556306,1.39556306
195300,Yatton Park,0.90353744,0.90353744
195400,Pyes Pa North,1.97089302,1.97089302
195500,Arataki South,0.98787025,0.98787025
195600,Pyes Pa South,1.83242619,1.83242619
195700,Poike,1.29841998,1.29841998
195800,Te Maunga North,1.16256107,1.16256107
195900,Maungatapu,1.67945975,1.67945975
196000,Hairini,1.83936837,1.83936837
196100,Pyes Pa East,2.43010519,2.43010519
196200,Te Maunga South,2.31423336,2.31423336
196300,Kaitemako (Tauranga City),3.74361432,3.74361432
196400,Ohauiti,3.40557574,3.40557574
196500,Baypark-Kairua,12.95583883,12.95583883
196600,Welcome Bay West,1.11373493,1.11373493
196700,Welcome Bay East,3.69116612,3.69116612
196800,Pacific View,1.16275871,1.16275871
196900,Welcome Bay South,3.10815981,3.10815981
197000,Palm Beach North,1.09453988,1.09453988
197100,Palm Beach South-Gravatt,2.38810012,2.38810012
197200,Papamoa Beach North,1.39820072,1.39820072
197300,Doncaster,2.3357964,2.3357964
197400,Papamoa Beach South,1.37883265,1.37883265
197500,Motiti,1.24756237,1.24756237
197600,Wairakei,12.90936894,12.90936894
197700,Tui Ridge,220.9226829,220.9226829
197800,Arahiwi,62.85600683,62.85600683
197900,Ngongotaha Valley,177.5038227,177.5038227
198000,Hamurana,8.35499446,8.35499446
198100,Ngongotaha East,2.87185543,2.87185543
198200,Ngongotaha West,1.4445683,1.4445683
198300,Inland water Lake Rotorua,0,81.04470915
198400,Ngongotaha South,8.58883387,8.58883387
198500,Selwyn Heights,0.89644766,0.89644766
198600,Pleasant Heights,1.34859518,1.34859518
198700,Rotoiti-Rotoehu,403.995433,467.9576126
198800,Kawaha,1.03157208,1.03157208
198900,Fairy Springs,0.73745494,0.73745494
199000,Western Heights (Rotorua District),1.02788371,1.02788371
199100,Pukehangi North,1.18204631,1.18204631
199200,Pukehangi South,1.11150003,1.11150003
199300,Mangakakahi Central,1.79161337,1.79161337
199400,Koutu,0.95639716,0.95639716
199500,Mangakakahi West,1.01720246,1.01720246
199600,Sunnybrook,2.08582486,2.08582486
199700,Fordlands,0.9880121,0.9880121
199800,Kuirau,1.18969945,1.18969945
199900,Utuhina,0.67136794,0.67136794
200000,Pomare,1.36824301,1.36824301
200100,Rotorua Central,1.80236312,1.80236312
200200,Hillcrest (Rotorua District),0.81457984,0.81457984
200300,Victoria,0.51768217,0.51768217
200400,Waiohewa,63.44520372,63.44520372
200500,Glenholme North,0.84348075,0.84348075
200600,Springfield South,1.18667969,1.18667969
200700,Springfield North,1.30138613,1.30138613
200800,Glenholme South,0.87693773,0.87693773
200900,Owhata West,3.32829464,3.32829464
201000,Holdens Bay-Rotokawa,8.79170526,8.79170526
201100,Ngapuna,3.49489535,3.49489535
201200,Fenton Park,1.00544453,1.00544453
201300,Tihiotonga-Whakarewarewa,3.28398579,3.28398579
201400,Owhata East,1.41751621,1.41751621
201500,Lynmore,1.97245772,1.97245772
201600,Ngakuru,446.40469,446.40469
201700,Kaingaroa-Whakarewarewa,465.8026139,530.7432348
201800,Golden Springs,498.7670317,498.7670317
201900,Manawahe,267.0706196,267.0706196
202000,Matata-Otakiri,87.41066936,87.41066936
202100,Onepu Spring,98.84460771,98.84460771
202200,Edgecumbe,2.00806439,2.00806439
202300,Thornton-Awakeri,151.7640284,151.7640284
202400,Te Teko Lakes,71.10107829,71.10107829
202500,Coastlands,15.66269736,15.66269736
202600,Whakatane West,1.84065576,1.84065576
202700,Whakatane Central,2.59485728,2.59485728
202800,Trident,1.82986814,1.82986814
202900,Allandale,1.52555092,1.52555092
203000,Mokorua Bush,1.35707502,1.35707502
203100,Wainui,86.64580671,86.64580671
203200,Ohope,6.33352735,6.33352735
203400,Galatea,2199.747023,2199.747023
203500,Waingarara-Waimana,1448.069622,1448.069622
203600,Murupara,6.21299834,6.21299834
203700,Monika Reserve,14.1808581,14.1808581
203800,Kawerau Industrial,5.83727865,5.83727865
203900,Tarawera Park,3.61378812,3.61378812
204100,Waiotahi,141.7754872,141.7754872
204200,Cape Runaway,1568.597637,1568.597637
204300,Woodlands,4.47165816,4.47165816
204400,Opotiki,5.68004838,5.68004838
204500,Otara-Tirohanga,113.3222954,113.3222954
204600,Oponae,1255.371794,1255.371794
204700,East Cape,991.2717577,991.2717577
204800,Waipaoa,2277.78531,2277.78531
204900,Ruatoria-Raukumara,693.2999797,693.2999797
205000,Tokomaru,1144.927207,1144.927207
205100,Hangaroa,1870.113103,1870.113103
205200,Wharekaka,1198.04337,1198.04337
205300,Te Arai,54.60533751,54.60533751
205400,Hexton,119.6099778,119.6099778
205500,Lytton,0.85660815,0.85660815
205600,Makaraka-Awapuni,8.18229982,8.18229982
205700,Riverdale,1.24303366,1.24303366
205800,Te Hapara North,1.2005121,1.2005121
205900,Mangapapa North,0.61989692,0.61989692
206000,Elgin,1.04455894,1.04455894
206100,Te Hapara South,0.86443001,0.86443001
206200,Mangapapa East,1.65717767,1.65717767
206300,Mangapapa South,0.84498227,0.84498227
206400,Te Hapara East,0.94822639,0.94822639
206500,Centennial Crescent,0.81897584,0.81897584
206600,Whataupoko East,2.54657662,2.54657662
206700,Whataupoko West,1.09579102,1.09579102
206800,Gisborne Central,1.58832832,1.58832832
206900,Kaiti North,1.32792286,1.32792286
207000,Kaiti South,3.41372487,3.41372487
207100,Outer Kaiti,1.45393022,1.45393022
207200,Tamarau,1.11472725,1.11472725
207300,Wainui-Okitu,5.34887281,5.34887281
207400,Maungataniwha-Raupunga,2080.865403,2080.865403
207500,Inland water Lake Waikaremoana,0,53.26344556
207600,Frasertown-Ruakituri,1332.985136,1332.985136
207700,Whakaki,183.4560429,183.4560429
207800,Wairoa,7.56757987,7.56757987
207900,Mahia,472.0022882,472.0022882
208000,Puketitiri-Tutira,2433.16389,2433.16389
208100,Sherenden-Crownthorpe,765.66297,765.66297
208200,Maraekakaho,820.4078942,820.4078942
208300,Puketapu-Eskdale,244.9789109,244.9789109
208400,Omahu-Pakowhai,45.77754994,45.77754994
208500,Bridge Pa,23.2425111,23.2425111
208600,Twyford,26.00884647,26.00884647
208700,Poukawa,339.9276548,339.9276548
208800,Flaxmere West,0.9172791,0.9172791
208900,Omahu Strip,1.93922993,1.93922993
209000,Lochain Park,0.93643965,0.93643965
209100,Flaxmere Park,1.35063391,1.35063391
209200,Flaxmere South,0.72258966,0.72258966
209300,Irongate,8.28251801,8.28251801
209400,Frimley,2.02509065,2.02509065
209500,Camberley,0.93079074,0.93079074
209600,Clive,14.86661246,14.86661246
209700,St Leonards,1.03089955,1.03089955
209800,Mahora,0.94013557,0.94013557
209900,Raureka,1.0555815,1.0555815
210000,Cornwall Park,1.08344478,1.08344478
210100,Tomoana,3.26579693,3.26579693
210200,Longlands-Pukahu,31.26674112,31.26674112
210300,Raceway Park,1.01714735,1.01714735
210400,Karamu,13.29471535,13.29471535
210500,Hastings Central,1.4175618,1.4175618
210600,Tomoana Crossing,0.83807276,0.83807276
210700,Akina Park,1.02516338,1.02516338
210800,Queens Square,0.60058038,0.60058038
210900,Mayfair,1.0686468,1.0686468
211000,Parkhaven,1.0158563,1.0158563
211100,Parkvale,1.24145684,1.24145684
211200,Mangateretere,37.22491952,37.22491952
211300,Haumoana-Te Awanga,7.76274083,7.76274083
211400,Lucknow,0.57778821,0.57778821
211500,Karanema-St Hill,0.94539167,0.94539167
211600,Havelock North-Central,0.47383086,0.47383086
211700,Brookvale,1.73921406,1.73921406
211800,Iona,1.46638944,1.46638944
211900,Hereworth,1.6155284,1.6155284
212000,Te Mata Hills,12.71124715,12.71124715
212100,Havelock Hills,2.98720987,2.98720987
212200,Kahuranaki,367.9613132,367.9613132
212300,Bay View,29.16654342,29.16654342
212400,Poraiti Hills,10.57822031,10.57822031
212500,Poraiti Flat,7.09014122,7.09014122
212600,Westshore,0.93240954,0.93240954
212800,Onekawa West,3.12036304,3.12036304
212900,Ahuriri,0.9785533,0.9785533
213000,Taradale West,1.68667236,1.68667236
213100,Greenmeadows West,1.1042948,1.1042948
213200,Taradale South,5.0676933,5.0676933
213300,Bluff Hill,1.89023838,1.89023838
213400,Hospital Hill,1.49431945,1.49431945
213500,Tamatea West,0.63229512,0.63229512
213600,Tamatea North,0.66042033,0.66042033
213700,Taradale Central,1.17747377,1.17747377
213800,Tamatea East,0.63201712,0.63201712
213900,Marewa West,0.79226103,0.79226103
214000,Greenmeadows Central,0.95261312,0.95261312
214100,Onekawa Central,0.67701088,0.67701088
214200,Pirimai West,0.61390966,0.61390966
214300,Napier Central,0.83772122,0.83772122
214400,Greenmeadows South,0.85126479,0.85126479
214500,Nelson Park,0.78100891,0.78100891
214600,Bledisloe Park,0.8827168,0.8827168
214700,Pirimai East,0.7623871,0.7623871
214800,Onekawa East,0.6361758,0.6361758
214900,Tareha Reserve,1.72386138,1.72386138
215000,Marewa East,1.40383564,1.40383564
215100,Onekawa South,1.08607604,1.08607604
215200,McLean Park,1.34179095,1.34179095
215300,Maraenui,1.05243071,1.05243071
215400,Meeanee-Awatoto,24.29611646,24.29611646
215500,Mangaonuku,537.4180568,537.4180568
215600,Makaretu,788.6992895,788.6992895
215700,Waipawa,6.80232413,6.80232413
215800,Waipukurau West,5.77265346,5.77265346
215900,Mangarara,838.2674049,838.2674049
216000,Waipukurau East,2.26275761,2.26275761
216100,Taurekaitai,1153.824324,1153.824324
216200,Port Taranaki,1.56908664,1.56908664
216300,Spotswood,3.45596464,3.45596464
216400,Omata,21.59950571,21.59950571
216500,Oakura,1.6771763,1.6771763
216600,Moturoa,1.01672273,1.01672273
216700,Kaitake,170.2020862,170.2020862
216800,Blagdon-Lynmouth,1.15856977,1.15856977
216900,Kawaroa,1.13287219,1.13287219
217000,New Plymouth Central,1.25967206,1.25967206
217100,Marfell,0.7333253,0.7333253
217200,Whalers Gate,2.08533443,2.08533443
217300,Strandon,1.76478382,1.76478382
217400,Westown,2.37440634,2.37440634
217500,Bell Block West,4.19117751,4.19117751
217600,Bell Block East,7.67158861,7.67158861
217700,Waiwhakaiho-Bell Block South,7.35427565,7.35427565
217800,Lower Vogeltown,1.50008305,1.50008305
217900,Hurdon,3.76517652,3.76517652
218000,Frankleigh Park,2.10681251,2.10681251
218100,Merrilands,1.71844924,1.71844924
218200,Ferndale,1.79142781,1.79142781
218300,Welbourn,6.49445005,6.49445005
218400,Fitzroy-Glen Avon,16.98091942,16.98091942
218500,Waitara West,3.38623205,3.38623205
218600,Upper Vogeltown,2.46314405,2.46314405
218700,Highlands Park (New Plymouth District),2.90671434,2.90671434
218800,Paraite,13.72124804,13.72124804
218900,Waitara East,2.27413857,2.27413857
219000,Lepperton-Brixton,46.53420778,46.53420778
219100,Mangorei,188.5394987,188.5394987
219200,Mount Messenger,934.3026682,934.3026682
219300,Mangaoraka,81.67684932,81.67684932
219400,Tikorangi,167.6878449,167.6878449
219500,Everett Park,236.5153265,236.5153265
219600,Inglewood,2.94435948,2.94435948
219700,Tarata,258.9687397,258.9687397
219800,Pembroke,226.3753301,226.3753301
219900,Douglas,1010.453296,1010.453296
220000,Toko,228.4522365,228.4522365
220100,Stratford North,3.28542547,3.28542547
220200,Whangamomona,689.599962,689.599962
220300,Stratford Central,2.53265568,2.53265568
220400,Stratford South,2.71989707,2.71989707
220500,Cape Egmont,434.1771263,434.1771263
220600,Taungatara,313.1044864,313.1044864
220700,Opunake,3.76514248,3.76514248
220800,Kaponga-Mangatoki,172.8125068,172.8125068
220900,Manaia-Kapuni,109.3761423,109.3761423
221000,Eltham,3.4120219,3.4120219
221100,Okaiawa,102.1116779,102.1116779
221200,Te Roti-Moeroa,361.9409395,361.9409395
221300,Egmont Showgrounds,4.40122899,4.40122899
221400,Normanby-Tawhiti,49.49971996,49.49971996
221500,Ohangai,331.7771196,331.7771196
221600,Turuturu,4.33292835,4.33292835
221700,King Edward Park,1.08208134,1.08208134
221800,Ramanui,13.59921257,13.59921257
221900,Hawera Central,1.78428964,1.78428964
222000,Mangawhio,1368.584847,1368.584847
222100,Manutahi-Waitotora,293.2216954,293.2216954
222200,Patea,6.15358793,6.15358793
222300,Otangiwai-Ohura,2011.697037,2011.697037
222400,Ngapuke,621.8324089,621.8324089
222500,Taumarunui North,3.59460453,3.59460453
222600,Taumarunui Central,5.53738135,5.53738135
222700,Taumarunui East,4.51828493,4.51828493
222800,National Park,1375.279119,1375.279119
222900,Tangiwai,2696.632202,2696.632202
223000,Raetihi,3.86281296,3.86281296
223100,Ohakune,6.44049317,6.44049317
223200,Waiouru,5.01061607,5.01061607
223300,Upper Whanganui,1849.887021,1849.887021
223400,Mowhanau,170.1785431,170.1785431
223500,Brunswick-Papaiti,51.53233467,51.53233467
223600,Castlecliff West,3.02339209,3.02339209
223700,Otamatea (Whanganui District),2.23081277,2.23081277
223800,Castlecliff East,2.62583221,2.62583221
223900,Springvale North,1.04156145,1.04156145
224000,Lower Aramoho,2.08402396,2.08402396
224100,St Johns Hill East,1.12370703,1.12370703
224200,St Johns Hill West,1.12201177,1.12201177
224300,Titoki,1.92009589,1.92009589
224400,Springvale West,0.68873691,0.68873691
224500,Springvale East,0.63070964,0.63070964
224600,Upper Aramoho,1.56170695,1.56170695
224700,Balgownie,2.8144437,2.8144437
224800,Laird Park,1.11351193,1.11351193
224900,Wembley Park,1.53593018,1.53593018
225000,College Estate,1.35036588,1.35036588
225100,Whanganui East-Williams Domain,1.37719066,1.37719066
225200,Gonville West,0.73842215,0.73842215
225300,Gonville North,1.34068527,1.34068527
225400,Cornmarket,0.62888431,0.62888431
225500,Whanganui East-Riverlands,1.49505211,1.49505211
225600,Kaitoke-Fordell,261.3105412,261.3105412
225700,Whanganui Central,2.43776167,2.43776167
225800,Gonville South,1.53981291,1.53981291
225900,Bastia-Durie Hill,2.57031195,2.57031195
226000,Putiki,3.35422581,3.35422581
226100,Mokai Patea,2475.074496,2475.074496
226200,Ngamatea,611.5527306,611.5527306
226300,Turakina,276.6355165,276.6355165
226400,Otairi,636.7402278,636.7402278
226500,Taihape,4.9344456,4.9344456
226600,Marton Rural,192.5614485,192.5614485
226700,Marton North,8.7366712,8.7366712
226800,Parewanui,265.9568494,265.9568494
226900,Marton South,4.85631719,4.85631719
227000,Bulls,6.69567673,6.69567673
227100,Kiwitea,783.8422662,783.8422662
227200,Tokorangi,271.1339038,271.1339038
227300,Ohakea-Sanson,82.74217329,82.74217329
227400,Oroua Downs,125.277075,125.277075
227500,Awahuri,126.3560618,126.3560618
227600,Pohangina-Apiti,682.3832912,682.3832912
227700,Mount Taylor,3.19060738,3.19060738
227800,Taikorea,152.9742161,152.9742161
227900,Makino,1.71330835,1.71330835
228000,Sandon,4.47695063,4.47695063
228100,Kimbolton North,4.2250906,4.2250906
228200,Warwick,0.821351,0.821351
228300,Kimbolton West,1.16074471,1.16074471
228400,Feilding Central,4.91853972,4.91853972
228500,Kimbolton South,1.35407415,1.35407415
228600,Kauwhata,154.2881689,154.2881689
228700,Taonui,165.8788447,165.8788447
228800,Newbury,34.73266926,34.73266926
228900,Palmerston North Airport,7.53705382,7.53705382
229000,Milson North,0.96528172,0.96528172
229100,Cloverlea (Palmerston North City),0.67606911,0.67606911
229200,Tremaine,4.40159153,4.40159153
229300,Milson South,1.22972865,1.22972865
229400,Whakarongo,51.7306993,51.7306993
229500,Westbrook,1.12911543,1.12911543
229600,Takaro North,1.11967527,1.11967527
229700,Pioneer West,2.36384577,2.36384577
229800,Palmerston North Hospital,1.07412464,1.07412464
229900,Highbury East,1.16072094,1.16072094
230000,Park West,0.92856836,0.92856836
230100,Takaro South,0.87652777,0.87652777
230200,Roslyn (Palmerston North City),1.15075731,1.15075731
230300,Kelvin Grove West,0.78190158,0.78190158
230400,Kelvin Grove North,2.14179568,2.14179568
230500,Papaioea North,0.80386635,0.80386635
230600,Palmerston North Central,1.84381526,1.84381526
230700,Awapuni North,1.23350313,1.23350313
230800,Terrace End,1.20279285,1.20279285
230900,Maraetarata,2.33161877,2.33161877
231000,Papaioea South,0.6005035,0.6005035
231100,Royal Oak (Palmerston North City),1.62616019,1.62616019
231200,West End,1.16757728,1.16757728
231300,Awapuni South,1.70556788,1.70556788
231400,Milverton,0.56451037,0.56451037
231500,Ruamahanga,1.53170712,1.53170712
231600,Esplanade,1.30575848,1.30575848
231700,Hokowhitu Central,0.91032398,0.91032398
231800,Hokowhitu East,1.24309948,1.24309948
231900,Turitea,9.64669874,9.64669874
232000,Ruahine,1.57973395,1.57973395
232100,Linton Camp,4.98324546,4.98324546
232200,Ashhurst,4.23333772,4.23333772
232300,Hokowhitu South,0.89536257,0.89536257
232400,Aokautere,7.14236352,7.14236352
232500,Pihauatua,143.7760288,143.7760288
232600,Aokautere Rural,83.31302305,83.31302305
232700,Poutoa,7.06392722,7.06392722
232800,Norsewood,397.3475888,397.3475888
232900,Papatawa,230.089224,230.089224
233000,Mangatainoka,496.501438,496.501438
233100,Woodville,4.03940482,4.03940482
233200,Dannevirke West,2.07393805,2.07393805
233300,Dannevirke East,4.73903491,4.73903491
233400,Waitahora,538.2818175,538.2818175
233500,Kaitawa,583.4266872,583.4266872
233600,Pahiatua,3.86144476,3.86144476
233700,Nireaha-Eketahuna,892.6335907,892.6335907
233800,Owhanga,1142.489603,1142.489603
233900,Mara,69.09271803,69.09271803
234000,Kere Kere,228.5562301,228.5562301
234100,Foxton Beach,2.63736367,2.63736367
234200,Foxton North,4.53325667,4.53325667
234300,Foxton South,7.03783479,7.03783479
234400,Waitarere,94.70184098,94.70184098
234500,Waikawa (Horowhenua District),62.17806512,62.17806512
234600,Miranui,297.066245,297.066245
234700,Donnelly Park,1.90373975,1.90373975
234800,Ohau-Manakau,42.22775286,42.22775286
234900,Kawiu South,1.02386946,1.02386946
235000,Makomako,0.8565575,0.8565575
235100,Kawiu North,1.75769404,1.75769404
235200,Levin Central,1.04760497,1.04760497
235300,Tararua,10.746679,10.746679
235400,Shannon,2.94390833,2.94390833
235500,Queenwood (Horowhenua District),0.8260467,0.8260467
235600,Playford Park,0.85176783,0.85176783
235700,Fairfield (Horowhenua District),1.73854801,1.73854801
235800,Taitoko,0.9201835,0.9201835
235900,Waiopehu,0.75926078,0.75926078
236000,Makahika,170.2239418,170.2239418
236100,Kimberley,129.4523936,129.4523936
236200,Kapiti Island,19.25851521,19.25851521
236300,Otaki Beach,3.36764189,3.36764189
236400,Forest Lakes (Kapiti Coast District),38.09485449,38.09485449
236500,Otaki,8.47687266,8.47687266
236600,Te Horo,31.86143602,31.86143602
236700,Waitohu,0.73786894,0.73786894
236800,Waikanae Beach,4.365584,4.365584
236900,Peka Peka,10.01994373,10.01994373
237000,Paraparaumu Beach North,2.1438252,2.1438252
237100,Paraparaumu Beach West,1.59459146,1.59459146
237200,Waikanae Park,7.36001883,7.36001883
237300,Paraparaumu Beach East,1.06717975,1.06717975
237400,Otaihanga,4.47399524,4.47399524
237500,Paraparaumu North,3.53322063,3.53322063
237600,Waikanae West,4.67443181,4.67443181
237700,Otaki Forks,87.25759187,87.25759187
237800,Paraparaumu Central,4.46476302,4.46476302
237900,Maungakotukutuku,112.7005373,112.7005373
238000,Raumati Beach West,1.74954269,1.74954269
238100,Waikanae East,3.19398406,3.19398406
238200,Tararua Forest Park,365.628613,365.628613
238300,Raumati Beach East,1.424244,1.424244
238400,Paraparaumu East,2.51183505,2.51183505
238500,Raumati South,5.64558991,5.64558991
238600,Paekakariki,5.89331726,5.89331726
238700,Mana Island,2.11347599,2.11347599
238800,Pukerua Bay,8.17223643,8.17223643
238900,Paekakariki Hill,35.79013933,35.79013933
239000,Plimmerton,5.12590007,5.12590007
239100,Titahi Bay North,2.00962023,2.00962023
239200,Titahi Bay South,3.54256873,3.54256873
239300,Elsdon-Takapuwahia,10.29954961,10.29954961
239400,Pauatahanui,75.94728064,75.94728064
239500,Onepoto,2.24118117,2.24118117
239600,Camborne,0.83508937,0.83508937
239800,Paremata,1.61589388,1.61589388
239900,Porirua Central,6.72371138,6.72371138
240000,Papakowhai,1.43041419,1.43041419
240100,Aotea,2.67877685,2.67877685
240200,Postgate,1.28880125,1.28880125
240300,Ascot Park,1.119596,1.119596
240400,Whitby,2.043962,2.043962
240500,Porirua East,1.21180021,1.21180021
240600,Endeavour,3.12256529,3.12256529
240700,Cannons Creek North,1.05691822,1.05691822
240800,Waitangirua,1.22402623,1.22402623
240900,Ranui Heights,2.35228065,2.35228065
241000,Cannons Creek East,1.45604809,1.45604809
241100,Cannons Creek South,1.40795973,1.40795973
241200,Akatarawa,334.1444632,334.1444632
241300,Riverstone Terraces,2.23628296,2.23628296
241400,Heretaunga,3.2609464,3.2609464
241500,Birchville-Brown Owl,8.89289537,8.89289537
241600,Poets Block,1.24160609,1.24160609
241700,Brentwood (Upper Hutt City),0.98266197,0.98266197
241800,Silverstream (Upper Hutt City),2.64413739,2.64413739
241900,Elderslea,1.39533858,1.39533858
242000,Trentham North,1.02395903,1.02395903
242100,Totara Park,1.72409486,1.72409486
242200,Trentham South,8.12381624,8.12381624
242300,Mangaroa,154.5533874,154.5533874
242400,Ebdentown,0.91106542,0.91106542
242500,Wallaceville,0.69902563,0.69902563
242600,Maoribank,3.48528315,3.48528315
242700,Te Marua,5.57020885,5.57020885
242800,Pinehaven,5.59309645,5.59309645
242900,Clouston Park,1.15083213,1.15083213
243000,Upper Hutt Central,2.23589494,2.23589494
243100,Belmont Park,29.47168982,29.47168982
243200,Maungaraki,2.11021735,2.11021735
243300,Korokoro,1.84942909,1.84942909
243400,Kelson,5.35771738,5.35771738
243500,Normandale,1.44706416,1.44706416
243600,Belmont (Lower Hutt City),2.36254907,2.36254907
243700,Petone Central,1.29638936,1.29638936
243800,Tirohanga,1.18052999,1.18052999
243900,Manor Park,1.59231711,1.59231711
244000,Alicetown-Melling,1.25541859,1.25541859
244100,Taita North,1.1455903,1.1455903
244200,Boulcott,1.58246938,1.58246938
244300,Hutt Central North,1.07096977,1.07096977
244400,Avalon West,1.21086039,1.21086039
244500,Stokes Valley Central,1.48841305,1.48841305
244600,Taita South,3.39953471,3.39953471
244700,Petone East,1.63004745,1.63004745
244800,Hutt Central South,1.2941828,1.2941828
244900,Stokes Valley North,4.79616368,4.79616368
245000,Petone Esplanade,0.97436417,0.97436417
245100,Epuni West,0.98698623,0.98698623
245200,Avalon East,0.81383753,0.81383753
245300,Woburn,0.62488386,0.62488386
245400,Naenae Central,1.38216309,1.38216309
245500,Waterloo West,0.72699777,0.72699777
245600,Epuni East,1.00387735,1.00387735
245700,Gracefield,3.74696103,3.74696103
245800,Moera,0.62398201,0.62398201
245900,Delaney,2.0684293,2.0684293
246000,Waiwhetu,1.67972303,1.67972303
246100,Waterloo East,1.08141639,1.08141639
246200,Naenae North,2.61127292,2.61127292
246300,Manuka,1.31431633,1.31431633
246400,Naenae South,1.18214011,1.18214011
246500,Towai,5.00736114,5.00736114
246600,Arakura,1.9607986,1.9607986
246700,Eastern Bays,1.92632015,1.92632015
246800,Pencarrow,268.4150435,268.4150435
246900,Wainuiomata West,2.10679137,2.10679137
247000,Glendale,3.20897933,3.20897933
247100,Wainuiomata Central,1.26292959,1.26292959
247200,Eastbourne,1.92750114,1.92750114
247300,Homedale East,2.90986396,2.90986396
247400,Homedale West,1.31491148,1.31491148
247500,Makara-Ohariu,177.4890386,177.4890386
247600,Tawa North,1.44404946,1.44404946
247700,Linden,1.11756741,1.11756741
247800,Tawa South,2.54852315,2.54852315
247900,Tawa Central,1.53130127,1.53130127
248000,Grenada North,5.78954552,5.78954552
248100,Churton Park North,4.71049135,4.71049135
248200,Takapu-Horokiwi,19.10141036,19.10141036
248300,Churton Park South,1.25145963,1.25145963
248400,Johnsonville West,1.17618078,1.17618078
248500,Grenada Village,1.4520184,1.4520184
248600,Johnsonville North,0.89334346,0.89334346
248700,Paparangi,1.31381154,1.31381154
248800,Ngaio North,0.82389501,0.82389501
248900,Johnsonville Central,0.9524225,0.9524225
249000,Broadmeadows,0.64028777,0.64028777
249100,Crofton Downs,1.31053063,1.31053063
249200,Johnsonville South,0.7106867,0.7106867
249300,Khandallah Reserve,1.16554035,1.16554035
249400,Karori Park,2.02744246,2.02744246
249500,Newlands North,1.14810845,1.14810845
249600,Ngaio South,1.36956896,1.36956896
249700,Newlands South,5.67112734,5.67112734
249800,Woodridge,0.99000508,0.99000508
249900,Karori North,1.61965979,1.61965979
250000,Khandallah North,1.01843117,1.01843117
250100,Wilton,1.25819085,1.25819085
250200,Khandallah South,0.72508827,0.72508827
250300,Wadestown,1.43661137,1.43661137
250400,Karori South,1.40141398,1.40141398
250500,Onslow,0.7679549,0.7679549
250600,Karori East,1.22979795,1.22979795
250700,Pipitea-Kaiwharawhara,2.14855482,2.14855482
250800,Northland (Wellington City),1.26093,1.26093
250900,Thorndon,1.48299162,1.48299162
251000,Wellington Botanic Gardens,0.52539956,0.52539956
251100,Kelburn,0.49662318,0.49662318
251200,Aro Valley,1.24643552,1.24643552
251300,Wellington University,0.41698538,0.41698538
251400,Wellington Central,0.56013923,0.56013923
251500,Brooklyn North,1.24353232,1.24353232
251600,Dixon Street,0.30273105,0.30273105
251700,Vivian West,0.3700175,0.3700175
251800,Courtenay,0.32440939,0.32440939
251900,Brooklyn East,0.90513952,0.90513952
252000,Mount Cook West,0.61348428,0.61348428
252100,Vivian East,0.2863658,0.2863658
252200,Brooklyn South,1.82876796,1.82876796
252300,Oriental Bay,0.30283762,0.30283762
252400,Mount Cook East,0.43591165,0.43591165
252500,Mount Victoria,1.08074156,1.08074156
252600,Roseneath,0.5489541,0.5489541
252700,Owhiro Bay,4.05959514,4.05959514
252800,Kingston-Mornington-Vogeltown,0.98836206,0.98836206
252900,Newtown North,0.70094491,0.70094491
253000,Newtown West,0.66091113,0.66091113
253100,Hataitai North,1.06277295,1.06277295
253200,Evans Bay,0.35073762,0.35073762
253300,Berhampore,1.39707499,1.39707499
253400,Hataitai South,0.42817815,0.42817815
253500,Maupuia,1.95372589,1.95372589
253600,Newtown South,1.1943658,1.1943658
253700,Kilbirnie Central,0.97209153,0.97209153
253800,Island Bay West,1.16832643,1.16832643
253900,Melrose,0.33375271,0.33375271
254000,Island Bay East,0.98299994,0.98299994
254100,Miramar North,0.50735271,0.50735271
254200,Kilbirnie East,0.47662376,0.47662376
254300,Lyall Bay,0.54786346,0.54786346
254400,Miramar Central,0.53010265,0.53010265
254500,Southgate,0.46693203,0.46693203
254600,Karaka Bay-Worser Bay,0.6741591,0.6741591
254700,Houghton Bay,1.28794881,1.28794881
254800,Miramar East,0.84704212,0.84704212
254900,Miramar South,0.98411254,0.98411254
255000,Rongotai,1.9237004,1.9237004
255100,Strathmore (Wellington City),1.48293491,1.48293491
255200,Seatoun,1.32691884,1.32691884
255300,Kopuaranga,458.2526217,458.2526217
255400,Upper Plain,85.22871962,85.22871962
255500,Opaki,36.04228739,36.04228739
255600,Ngaumutawa,0.85307226,0.85307226
255700,Solway North,2.07587105,2.07587105
255800,Lansdowne West,2.26800445,2.26800445
255900,Masterton Central,1.76268904,1.76268904
256000,Kuripuni,1.25705596,1.25705596
256100,Douglas Park,1.20827639,1.20827639
256200,Solway South,6.38522861,6.38522861
256300,Lansdowne East,3.32618587,3.32618587
256400,Cameron and Soldiers Park,1.4863701,1.4863701
256500,Whareama,1596.027408,1596.027408
256600,Homebush-Te Ore Ore,103.1208823,103.1208823
256700,McJorrow Park,0.90130046,0.90130046
256800,Mount Holdsworth,432.8746369,432.8746369
256900,Carterton North,2.36091272,2.36091272
257000,Kokotau,120.4638213,120.4638213
257100,Carterton South,2.93664511,2.93664511
257200,Gladstone (Carterton District),621.3329629,621.3329629
257300,Tauherenikau,337.7056361,337.7056361
257400,Kahutara,457.400191,464.825858
257500,Featherston,3.18171315,3.18171315
257600,Inland water Lake Wairarapa,0,63.48224661
257700,Greytown,5.07015371,5.07015371
257800,Aorangi Forest,1579.079806,1579.079806
257900,Martinborough,4.49942023,4.49942023
258100,Three Kings Islands,4.96643395,4.96643395
258900,Islands Bay of Plenty Region,24.8856882,24.8856882
259800,Bare Island,0.13162933,0.13162933
300300,Golden Bay/Mohua,2249.834733,2249.834733
300500,Takaka,12.34227073,12.34227073
300600,Pohara-Abel Tasman,326.0473597,326.0473597
300700,Takaka Hills,277.4339558,277.4339558
300800,Kaiteriteri-Riwaka,28.56948379,28.56948379
300900,Upper Moutere,445.9658643,445.9658643
301000,Lower Moutere,62.01796388,62.01796388
301100,Motueka North,2.55778061,2.55778061
301200,Motueka West,7.86796618,7.86796618
301300,Motueka East,3.23775618,3.23775618
301500,Golden Downs,1819.627228,1819.627228
301600,Moutere Hills,98.43495705,98.43495705
301700,Ruby Bay-Mapua,9.7689129,9.7689129
301800,Murchison-Nelson Lakes,3706.007823,3739.513312
302000,Islands Tasman District,15.89191638,15.89191638
302100,Waimea West,59.16674544,59.16674544
302200,Appleby,20.06518761,20.06518761
302300,Wakefield,9.98045844,9.98045844
302400,Richmond West (Tasman District),6.46117722,6.46117722
302500,Wakefield Rural,375.7323301,375.7323301
302600,Brightwater,4.83792451,4.83792451
302700,Hope,7.44446535,7.44446535
302800,Richmond Central (Tasman District),1.15287518,1.15287518
302900,Ben Cooper Park,0.91549518,0.91549518
303000,Richmond South (Tasman District),2.5076217,2.5076217
303100,Wilkes Park,0.881573,0.881573
303200,Templemore,1.42675549,1.42675549
303300,Easby Park,1.12879754,1.12879754
303400,Fairose,1.42105168,1.42105168
303500,Aniseed Valley,57.24760532,57.24760532
303600,Nelson Rural,366.3944029,366.3944029
303800,Marybank,1.00888349,1.00888349
303900,Port Nelson,0.97858114,0.97858114
304000,Nelson Airport,2.95620578,2.95620578
304100,Tahunanui,1.6147601,1.6147601
304200,Britannia,0.84053386,0.84053386
304300,Atawhai,4.53225726,4.53225726
304400,Broadgreen-Monaco,1.1353873,1.1353873
304500,Washington,1.12496894,1.12496894
304600,Tahuna Hills,2.67700457,2.67700457
304700,Nelson Central-Trafalgar,1.24569931,1.24569931
304800,The Wood,1.16193028,1.16193028
304900,Toi Toi,1.30678078,1.30678078
305000,Nayland,0.84068866,0.84068866
305100,Aldinga,1.11110705,1.11110705
305200,Victory,0.6300716,0.6300716
305300,Rutherford,1.21471885,1.21471885
305400,Maitlands,0.76875789,0.76875789
305500,Maitai,0.93223506,0.93223506
305600,Grampians,2.95265223,2.95265223
305700,Saxton,3.86298733,3.86298733
305800,Suffolk,2.00212706,2.00212706
305900,Omaio,5.4714102,5.4714102
306000,Enner Glynn,7.05593019,7.05593019
306100,Daelyn,1.47284031,1.47284031
306200,The Brook,6.90231992,6.90231992
306300,Marlborough Sounds West,1553.913313,1553.913313
306500,Marlborough Sounds East,1043.571984,1043.571984
306600,Upper Wairau,4177.431475,4177.431475
306700,Waikawa (Marlborough District),3.85630246,3.85630246
306800,Waitohi (Marlborough District),5.31145854,5.31145854
306900,Tuamarina,167.7754262,167.7754262
307000,Awatere,3273.522586,3286.312957
307100,Renwick,2.31961038,2.31961038
307200,Lower Wairau,116.722065,116.722065
307300,Woodbourne,80.15060936,80.15060936
307400,Spring Creek-Grovetown,9.68720431,9.68720431
307500,Springlands,1.77334567,1.77334567
307600,Yelverton,2.41574357,2.41574357
307700,Mayfield,1.46101361,1.46101361
307800,Whitney West,1.90220008,1.90220008
307900,Blenheim Central,1.5515344,1.5515344
308000,Riversdale-Islington,1.09524759,1.09524759
308100,Whitney East,1.05747102,1.05747102
308200,Redwoodtown West,1.06281095,1.06281095
308300,Witherlea West,2.43667752,2.43667752
308400,Redwoodtown East,1.07365806,1.07365806
308500,Riverlands,6.27927373,6.27927373
308600,Witherlea East,1.37447506,1.37447506
308800,Kaikoura Ranges,2037.537398,2037.537398
308900,Kaikoura,9.25443297,9.25443297
309000,Karamea,3129.346745,3129.346745
309200,Westport North,8.65810322,8.65810322
309300,Westport Rural,88.75812542,88.75812542
309400,Westport South,2.87334821,2.87334821
309500,Buller Coalfields,498.5749599,498.5749599
309600,Charleston (Buller District),1016.791792,1016.791792
309700,Inangahua,3195.707586,3195.707586
309800,Reefton,2.6264293,2.6264293
309900,Barrytown,731.220548,731.220548
310000,Runanga,4.50515421,4.50515421
310100,Cobden,3.67564649,4.048262
310200,Blaketown,0.74298173,0.74298173
310300,Greymouth Central,2.72874197,2.72874197
310400,King Park,0.84279916,0.84279916
310500,Marsden,1.23848941,1.23848941
310600,Karoro,6.5022919,6.5022919
310700,Rutherglen-Camerons,11.71648084,11.71648084
310800,Greymouth Rural,340.0017428,340.0017428
310900,Dobson,169.8947968,169.8947968
311000,Nelson Creek,899.974351,899.974351
311100,Lake Brunner,1301.260388,1342.032476
311200,Haast,4099.069747,4105.504212
311300,Westland Glaciers-Bruce Bay,3057.417929,3071.070552
311400,Arahura-Kumara,262.2688004,262.2688004
311500,Hokitika,3.90935844,3.90935844
311700,Hokitika Rural,154.377462,154.377462
311800,Waitaha,1499.955163,1499.955163
311900,Whataroa-Harihari,1136.276933,1136.276933
312000,Hokitika Valley-Otira,1614.538986,1629.346566
312100,Hanmer Range,3608.958915,3622.496646
312200,Amuri,1835.565978,1835.565978
312300,Hanmer Springs,4.23035211,4.23035211
312400,Upper Hurunui,1004.959577,1004.959577
312500,Parnassus,994.5624725,994.5624725
312600,Ashley Forest,340.5738764,340.5738764
312700,Omihi,717.8664604,717.8664604
312800,Balcairn,130.5751296,130.5751296
312900,Amberley,3.62839288,3.62839288
313000,Okuku,834.6837757,834.6837757
313100,Ashley Gorge,336.7059189,336.7059189
313200,Oxford,11.82865948,11.82865948
313300,Starvation Hill-Cust,181.6484238,181.6484238
313400,Loburn,89.42703772,89.42703772
313500,Eyrewell,272.1091064,272.1091064
313600,West Eyreton,114.8871642,114.8871642
313700,Ashley-Sefton,86.90622515,86.90622515
313800,Fernside,41.47828011,41.47828011
313900,Rangiora North West,1.99495269,1.99495269
314000,Kingsbury,2.58105528,2.58105528
314100,Ashgrove,0.66739414,0.66739414
314200,Rangiora North East,2.02027663,2.02027663
314300,Oxford Estate,0.52355057,0.52355057
314400,Rangiora Central,0.36710759,0.36710759
314500,Rangiora South West,0.85640238,0.85640238
314600,Lilybrook,1.26324533,1.26324533
314700,Waikuku,28.7379721,28.7379721
314800,Mandeville-Ohoka,40.40061498,40.40061498
314900,Rangiora South East,2.6674417,2.6674417
315000,Southbrook,2.31019456,2.31019456
315100,Swannanoa-Eyreton,61.77213058,61.77213058
315200,Tuahiwi,22.70498482,22.70498482
315300,Woodend,3.48748915,3.48748915
315400,Pegasus,6.33744603,6.33744603
315500,Clarkville,30.17125424,30.17125424
315600,Pegasus Bay,24.5669629,24.5669629
315700,Kaiapoi North West,3.51396127,3.51396127
315800,Silverstream (Waimakariri District),0.97115644,0.97115644
315900,Sovereign Palms,1.91527989,1.91527989
316000,Kaiapoi West,0.5102552,0.5102552
316100,Kaiapoi Central,1.51313743,1.51313743
316200,Kaiapoi South,0.87520507,0.87520507
316300,Kaiapoi East,5.02907053,5.02907053
316400,McLeans Island,73.94345029,73.94345029
316500,Paparua,23.32169511,23.32169511
316600,Yaldhurst,12.10662148,12.10662148
316700,Christchurch Airport,11.46321637,11.46321637
316800,Clearwater,5.71332091,5.71332091
316900,Belfast West,3.09764866,3.09764866
317000,Harewood,3.77808402,3.77808402
317100,Brooklands-Spencerville,7.24724584,7.24724584
317200,Styx,32.71625807,32.71625807
317300,Belfast East,2.88148063,2.88148063
317400,Northwood,1.45244667,1.45244667
317500,Russley,1.86777494,1.86777494
317600,Regents Park,1.45375948,1.45375948
317700,Hawthornden,1.89245555,1.89245555
317800,Bishopdale North,1.3684224,1.3684224
317900,Casebrook,1.83250102,1.83250102
318000,Bishopdale West,1.13060616,1.13060616
318100,Templeton,0.89855715,0.89855715
318200,Islington,1.77881722,1.77881722
318300,Burnside Park,1.33883255,1.33883255
318400,Marshland,10.10551842,10.10551842
318500,Avonhead North,0.63463917,0.63463917
318600,Redwood North,1.09252656,1.09252656
318700,Broomfield,1.00144447,1.00144447
318800,Redwood West,0.81581469,0.81581469
318900,Avonhead West,0.61397696,0.61397696
319000,Bishopdale South,0.70451597,0.70451597
319100,Islington-Hornby Industrial,7.17918508,7.17918508
319200,Burnside,1.36196789,1.36196789
319300,Hei Hei,1.24268313,1.24268313
319400,Papanui North,0.59939608,0.59939608
319500,Avonhead East,0.8351918,0.8351918
319600,Redwood East,1.26952067,1.26952067
319700,Avonhead South,1.0252514,1.0252514
319800,Riccarton Racecourse,1.69210885,1.69210885
319900,Bryndwr North,1.09070137,1.09070137
320000,Northlands (Christchurch City),0.62903107,0.62903107
320100,Papanui West,1.0016985,1.0016985
320200,Ilam North,1.23178205,1.23178205
320300,Hornby West,0.74485748,0.74485748
320400,Hornby Central,2.27022992,2.27022992
320500,Northcote (Christchurch City),1.67620457,1.67620457
320600,Jellie Park,1.31125296,1.31125296
320700,Ilam South,0.91177469,0.91177469
320800,Bryndwr South,0.90574677,0.90574677
320900,Papanui East,0.82838075,0.82838075
321000,Sockburn North,1.23987082,1.23987082
321100,Hornby South,1.36582244,1.36582244
321200,Ilam University,1.22716656,1.22716656
321300,Prestons,3.98306526,3.98306526
321400,Strowan,1.43506914,1.43506914
321500,Fendalton,0.92187577,0.92187577
321600,Waitikiri,1.85081259,1.85081259
321700,Mairehau North,2.21664748,2.21664748
321800,Bush Inn,0.83923849,0.83923849
321900,Awatea North,1.02585862,1.02585862
322000,Upper Riccarton,0.52083977,0.52083977
322100,Malvern,0.99015235,0.99015235
322200,Rutland,0.98659322,0.98659322
322300,Sockburn South,2.48547608,2.48547608
322400,Deans Bush,1.25176702,1.25176702
322500,Wigram North,0.76776339,0.76776339
322600,Holmwood,1.12946438,1.12946438
322700,Wharenui,0.83895558,0.83895558
322800,Wigram West,0.45878331,0.45878331
322900,Awatea South,1.51060273,1.51060273
323000,Merivale,1.10449674,1.10449674
323100,Mairehau South,1.38628176,1.38628176
323200,Mona Vale,0.54775174,0.54775174
323300,Riccarton West,0.62257937,0.62257937
323400,Shirley West,1.63066447,1.63066447
323500,Middleton,1.90189507,1.90189507
323600,Wigram South,0.39906993,0.39906993
323700,Queenspark,1.12074483,1.12074483
323800,St Albans North,0.63715918,0.63715918
323900,St Albans West,0.68131176,0.68131176
324000,Travis Wetlands,2.54935978,2.54935978
324100,Wigram East,0.31243455,0.31243455
324200,Riccarton Central,0.39843525,0.39843525
324300,Oaklands West,1.69814976,1.69814976
324400,Riccarton South,0.5446627,0.5446627
324500,Halswell West,6.36639314,6.36639314
324600,Shirley East,1.69660977,1.69660977
324700,Broken Run,0.42222058,0.42222058
324800,St Albans East,0.67550285,0.67550285
324900,Hagley Park,2.18711156,2.18711156
325000,Hillmorton,2.91693323,2.91693323
325100,Parklands,1.80335402,1.80335402
325200,Riccarton East,0.20811641,0.20811641
325300,Edgeware,1.01462724,1.01462724
325400,Aidanfield,1.68401322,1.68401322
325500,Tower Junction,1.07287164,1.07287164
325600,Burwood,1.20976505,1.20976505
325700,Christchurch Central-West,0.69698551,0.69698551
325800,Christchurch Central-North,0.77753402,0.77753402
325900,Richmond North (Christchurch City),1.16647674,1.16647674
326000,Waimairi Beach,0.58127409,0.58127409
326100,Addington West,0.55789684,0.55789684
326200,Otakaro-Avon River Corridor,6.13239842,6.13239842
326300,Oaklands East,1.30062892,1.30062892
326400,Addington North,0.43431408,0.43431408
326500,Dallington,0.84120136,0.84120136
326600,Christchurch Central,0.71393735,0.71393735
326700,Hoon Hay West,1.07523139,1.07523139
326800,Richmond South (Christchurch City),0.80279751,0.80279751
326900,Spreydon West,1.0269873,1.0269873
327000,Christchurch Central-East,0.71344676,0.71344676
327100,Christchurch Central-South,1.250479,1.250479
327200,North Beach,1.98903797,1.98903797
327300,Halswell North,2.60853722,2.60853722
327400,Addington East,0.56822363,0.56822363
327500,Avondale (Christchurch City),1.26092385,1.26092385
327600,Spreydon North,1.21383804,1.21383804
327700,Hoon Hay East,1.82288035,1.82288035
327800,Avonside,0.81030652,0.81030652
327900,Linwood West,1.07759998,1.07759998
328000,Halswell South,1.78085932,1.78085932
328100,Sydenham Central,1.21275693,1.21275693
328200,Spreydon South,0.72391644,0.72391644
328300,Rawhiti,1.93513163,1.93513163
328400,Wainoni,1.50391214,1.50391214
328500,Linwood North,0.8574418,0.8574418
328600,Aranui,1.41641589,1.41641589
328700,Sydenham West,0.48794081,0.48794081
328800,Lancaster Park,1.11557726,1.11557726
328900,Phillipstown,0.9334353,0.9334353
329000,Kennedys Bush,12.0059087,12.0059087
329100,Somerfield East,1.22917183,1.22917183
329200,Somerfield West,1.18118116,1.18118116
329300,Linwood East,0.91216529,0.91216529
329400,Sydenham North,0.48343692,0.48343692
329500,Hoon Hay South,0.79560345,0.79560345
329600,Charleston (Christchurch City),0.36094657,0.36094657
329700,Sydenham South,0.55360982,0.55360982
329800,Bexley,0.89880765,0.89880765
329900,Waltham,0.58805464,0.58805464
330000,Westmorland,5.55766468,5.55766468
330100,Woolston North,1.29547608,1.29547608
330200,New Brighton,1.76101194,1.76101194
330300,Cashmere West,2.38611462,2.38611462
330400,Bromley South,1.24298994,1.24298994
330500,Ensors,0.87364461,0.87364461
330600,Beckenham,0.87656893,0.87656893
330700,Bromley North,6.22879283,6.22879283
330800,St Martins,1.04565949,1.04565949
330900,Opawa,0.81403259,0.81403259
331000,Woolston West,0.51495272,0.51495272
331100,Woolston East,1.27549921,1.27549921
331200,Huntsbury,1.36519209,1.36519209
331300,Cashmere East,2.32707304,2.32707304
331400,Hillsborough (Christchurch City),1.6440045,1.6440045
331500,Woolston South,2.40401821,2.40401821
331600,Port Hills,44.47844245,44.47844245
331700,South New Brighton,2.76495815,2.76495815
331800,Brookhaven-Ferrymead,2.67350759,2.67350759
331900,Heathcote Valley,4.18072938,4.18072938
332000,Mount Pleasant,2.47292755,2.47292755
332100,Redcliffs,1.85691568,1.85691568
332200,Governors Bay,3.22077681,3.22077681
332400,Clifton Hill,2.56104543,2.56104543
332500,Lyttelton,4.45583763,4.45583763
332700,Sumner,2.64083941,2.64083941
332800,Teddington,46.15461415,46.15461415
332900,Diamond Harbour,4.06451978,4.06451978
333000,Inland water Lake Ellesmere/Te Waihora South,0,63.30783375
333100,Banks Peninsula South,371.9112249,377.8590638
333200,Eastern Bays-Banks Peninsula,368.2513012,368.2513012
333300,Akaroa Harbour,162.2268661,162.2268661
333500,Akaroa,2.03197111,2.03197111
333600,Craigieburn,3444.102385,3444.102385
333800,Glenroy-Hororata,644.3523402,644.3523402
333900,Glentunnel,159.6829487,159.6829487
334000,Darfield,15.14334504,15.14334504
334100,Kirwee,97.18899601,97.18899601
334200,Bankside,359.5626671,359.5626671
334300,Charing Cross,168.6782957,168.6782957
334400,Halkett,86.01209703,86.01209703
334500,Newtons Road,153.1372444,153.1372444
334600,West Melton,5.31955822,5.31955822
334700,Burnham Camp,1.49394208,1.49394208
334800,Rolleston Izone,2.4344747,2.4344747
334900,Rolleston North West,1.50658247,1.50658247
335000,Springston,119.1198351,119.1198351
335100,Rolleston Central,1.60115417,1.60115417
335200,Rolleston North East,2.85581003,2.85581003
335300,Rolleston South West,3.59540141,3.59540141
335400,Southbridge,361.5621561,361.5621561
335500,Rolleston South East,10.0825634,10.0825634
335600,Trents,49.95590515,49.95590515
335700,Prebbleton,5.09915618,5.09915618
335800,Irwell,128.1929108,128.1929108
335900,Ladbrooks,50.03921061,50.03921061
336000,Lincoln West,4.07104192,4.07104192
336100,Lincoln East,4.98780517,4.98780517
336200,Leeston,2.43680163,2.43680163
336300,Tai Tapu,56.81296556,56.81296556
336400,Motukarara,64.6356206,64.6356206
336500,Inland water Lake Ellesmere/Te Waihora North,0,134.9640962
336600,Ashburton Lakes,2995.114033,3002.080214
336700,Cairnbrae,542.7553436,542.7553436
336800,Ashburton Forks,858.450443,858.450443
336900,Methven,4.1828788,4.1828788
337000,Ealing-Lowcliffe,413.2187913,413.2187913
337100,Eiffelton,434.1481251,435.0101071
337200,Chertsey,572.5114468,572.5114468
337300,Winchmore-Wakanui,312.0734277,312.0734277
337400,Allenton North,2.09646454,2.09646454
337500,Allenton South,2.92674293,2.92674293
337600,Rakaia,11.30243187,11.30243187
337700,Ashburton North,20.64835871,20.64835871
337800,Allenton East,1.23583513,1.23583513
337900,Tinwald North,1.90350508,1.90350508
338000,Ashburton Central,2.56294965,2.56294965
338100,Ashburton West,0.45251256,0.45251256
338200,Tinwald South,2.79302474,2.79302474
338300,Ashburton East,0.77867241,0.77867241
338400,Netherby,1.09301884,1.09301884
338500,Hampstead,1.44102643,1.44102643
338600,Ben McLeod,842.3384467,842.3384467
338700,Arundel,629.0215518,629.0215518
338800,Levels Valley,386.3783724,386.3783724
338900,Geraldine,3.12428733,3.12428733
339000,Rangitata,172.1349645,172.1349645
339100,Waitohi (Timaru District),371.7067362,371.7067362
339200,Pleasant Point,5.20861353,5.20861353
339300,Temuka West,4.07247318,4.07247318
339400,Hadlow,93.74349643,93.74349643
339500,Levels,88.02671305,88.02671305
339600,Temuka East,4.29807188,4.29807188
339700,Gleniti North,5.45840411,5.45840411
339800,Washdyke,10.6574112,10.6574112
339900,Fairview,98.36799446,98.36799446
340000,Gleniti South,1.73695036,1.73695036
340100,Glenwood,1.04957951,1.04957951
340200,Marchwiel West,0.84044417,0.84044417
340300,Marchwiel East,0.93109585,0.93109585
340400,Highfield North,1.41108446,1.41108446
340500,Highfield South,0.94991531,0.94991531
340600,Waimataitai-Maori Hill,1.49774365,1.49774365
340700,Fraser Park,1.21557495,1.21557495
340800,Seaview,0.73492871,0.73492871
341000,Watlington,1.20719933,1.20719933
341100,Timaru Central,0.8240427,0.8240427
341200,Timaru East,3.59613141,3.59613141
341300,Parkside,1.1472002,1.1472002
341400,Kensington (Timaru District),0.72551785,0.72551785
341500,Mackenzie Lakes,5134.252147,5169.226225
341600,Inland water Lake Pukaki,0,172.82436
341700,Inland water Lake Tekapo,0,93.86418342
341800,Twizel,21.07163983,23.10255082
341900,Opua (Mackenzie District),1978.382712,1978.382712
342000,Fairlie,4.95412588,4.95412588
342100,Hakataramea,2059.650804,2088.312435
342200,Maungati,696.2641825,696.2641825
342300,Lyalldale,109.3268115,109.3268115
342400,Makikihi-Willowbridge,294.9108799,294.9108799
342500,Waimate North,4.46429085,4.46429085
342600,Morven-Glenavy-Ikawai,386.3159884,386.3159884
342700,Waimate West,0.9267257,0.9267257
342800,Waimate East,2.60293037,2.60293037
343000,Chatham Islands,793.9472196,808.3261633
343100,Aviemore,3483.875619,3532.653422
343200,Inland water Lake Ohau,0,59.76085292
343300,Danseys Pass,711.4924044,711.4924044
343400,Ngapara,1134.619189,1134.619189
343500,Lower Waitaki,172.9347558,172.9347558
343600,Waihemo,1312.317942,1312.317942
343700,Maheno,262.4095021,262.4095021
343800,Weston,3.30643394,3.30643394
343900,Oamaru North Milner Park,7.13438315,7.13438315
344000,Oamaru North Orana Park,2.76059418,2.76059418
344100,Oamaru Gardens,1.42438077,1.42438077
344200,Glen Warren,1.80084311,1.80084311
344300,Holmes Hill,2.61920331,2.61920331
344400,Oamaru Central,0.96435334,0.96435334
344500,South Hill,1.44830445,1.44830445
344700,Palmerston,8.77063444,8.77063444
344800,Lindis-Nevis Valleys,2884.601379,2904.774307
344900,Cromwell West,12.03499822,12.03499822
345000,Cromwell East,3.59489515,3.59489515
345100,Manuherikia-Ida Valleys,2511.088565,2511.088565
345200,Earnscleugh,391.8513942,394.2519213
345300,Dunstan-Galloway,444.839201,444.839201
345400,Clyde,2.08467545,2.08467545
345500,Alexandra North,4.60319826,4.60319826
345600,Alexandra South,5.15697103,5.15697103
345700,Maniototo,2371.069079,2371.069079
345800,Teviot Valley,1302.499345,1314.976062
345900,Outer Wanaka,3175.979577,3175.979577
346000,Glenorchy,1464.370405,1464.370405
346100,Inland water Lake Wanaka,0,200.9682251
346200,Outer Wakatipu,1880.056644,1880.056644
346300,Inland water Lake Hawea,0,157.10079
346400,Cardrona,858.1245385,858.1245385
346500,Inland water Lake Wakatipu,0,294.582695
346600,Wanaka Waterfront,3.89203944,3.89203944
346700,Wanaka North,7.76828063,7.76828063
346800,Wanaka West,4.42402656,4.42402656
346900,Albert Town,4.95955478,4.95955478
347000,Wanaka Central,7.56235683,7.56235683
347100,Lake Hawea,2.38899517,2.38899517
347200,Upper Clutha Valley,161.0664499,161.0664499
347300,Kingston,1012.5359,1012.5359
347400,Arthurs Point,5.52125467,5.52125467
347500,Wakatipu Basin,59.50827493,59.50827493
347600,Queenstown Hill,15.40032073,15.40032073
347700,Warren Park,0.94256382,0.94256382
347800,Sunshine Bay-Fernhill,1.31223993,1.31223993
347900,Arrowtown,2.361622,2.361622
348000,Quail Rise,6.26900083,6.26900083
348100,Queenstown Central,0.80628642,0.80628642
348200,Queenstown East,0.97606981,0.97606981
348300,Frankton Arm,1.20173481,1.20173481
348400,Frankton,7.61602283,7.61602283
348500,Lake Hayes,5.92521796,8.76454088
348600,Kelvin Heights,9.27530799,9.27530799
348700,Shotover Country,3.04530698,3.04530698
348800,Lake Hayes Estate,1.93638722,1.93638722
348900,Jacks Point,14.48030644,14.48030644
349000,Strath Taieri,2114.956117,2114.956117
349100,Bucklands Crossing,421.9573769,421.9573769
349200,Waikouaiti,7.32714881,7.32714881
349300,Momona,217.7242516,217.7242516
349400,Taieri,150.1944624,150.1944624
349600,Mount Cargill,129.7606838,129.7606838
349700,Bush Road,0.87644248,0.87644248
349800,Mosgiel East,3.34393765,3.34393765
349900,Mosgiel Central,1.23774409,1.23774409
350000,Seddon Park,1.55942967,1.55942967
350100,Wingatui,6.82243928,6.82243928
350200,Saddle Hill-Chain Hills,47.41641892,47.41641892
350300,East Taieri,3.11996211,3.11996211
350400,Halfway Bush,1.70481455,1.70481455
350500,Helensburgh,1.46131297,1.46131297
350600,Glenleith,2.12346077,2.12346077
350700,Fairfield (Dunedin City),3.9557389,3.9557389
350900,Brockville,1.47132967,1.47132967
351000,Wakari,2.2062971,2.2062971
351100,Abbotsford,2.3645374,2.3645374
351200,Brighton,3.39318287,3.39318287
351300,Pine Hill-Dalmore,1.17720849,1.17720849
351400,Kaikorai-Bradford,3.43901556,3.43901556
351500,Maori Hill,1.0106075,1.0106075
351600,Roslyn (Dunedin City),1.29448954,1.29448954
351700,North East Valley Chingford,1.0826699,1.0826699
351800,Roseneath-Sawyers Bay,4.96568148,4.96568148
351900,Normanby,1.41870905,1.41870905
352000,North East Valley Knox,0.66777942,0.66777942
352100,Belleknowes,1.12695015,1.12695015
352200,Gardens (Dunedin City),1.51173629,1.51173629
352300,Kenmure,1.10022035,1.10022035
352400,Campus West,0.32160378,0.32160378
352500,Waldronville,9.53817928,9.53817928
352600,Green Island,3.64510434,3.64510434
352700,Port Chalmers,3.2334276,3.2334276
352800,Royal Terrace,0.2764839,0.2764839
352900,Arthur Street,0.71722274,0.71722274
353000,Opoho,2.35880387,2.35880387
353100,Campus North,0.60673268,0.60673268
353200,Campus South,0.47018425,0.47018425
353300,Mornington,1.06980458,1.06980458
353400,Dunedin Central,1.3070742,1.3070742
353500,Maryhill,1.23501707,1.23501707
353600,Ravensbourne-St Leonards,4.90925957,4.90925957
353700,Harbourside,2.70549182,2.70549182
353800,Fernhill,0.79443961,0.79443961
353900,Otago Peninsula,84.98562628,84.98562628
354000,Concord,1.16384066,1.16384066
354100,Calton Hill,0.66409249,0.66409249
354200,Caversham,0.70323849,0.70323849
354300,Hillside-Portsmouth Drive,1.3744558,1.3744558
354400,Kew (Dunedin City),0.70651138,0.70651138
354500,Corstorphine,0.8707156,0.8707156
354600,Forbury,0.55507378,0.55507378
354700,Bathgate Park,0.53137555,0.53137555
354800,St Clair,2.02846949,2.02846949
354900,Waverley,2.14698656,2.14698656
355000,Macandrew Bay-Company Bay,2.58091874,2.58091874
355100,Broad Bay-Portobello,3.59697698,3.59697698
355200,St Kilda South,1.13620034,1.13620034
355300,Musselburgh,0.5756251,0.5756251
355400,Shiel Hill,1.37182293,1.37182293
355500,St Kilda North,1.05786436,1.05786436
355600,Andersons Bay,1.25594294,1.25594294
355700,Tainui,1.99107706,1.99107706
355800,West Otago,1374.561808,1374.561808
355900,Tuapeka,1235.246712,1256.748485
356000,Clinton,839.6955104,839.6955104
356100,Clutha Valley,747.3272242,747.3272242
356200,Bruce,879.6779295,885.9459652
356300,Catlins,1072.958646,1072.958646
356400,Milton,4.16487002,4.16487002
356500,Balclutha South,4.51733499,4.51733499
356600,Balclutha North,3.06857701,3.06857701
356700,Benhar-Stirling,9.48147757,9.48147757
356800,Kaitangata-Matau,163.710393,163.710393
357000,Fiordland,12042.35824,12091.50902
357200,Inland water Lake Te Anau,0,344.4185323
357300,Mararoa,2716.76133,2727.189791
357400,Inland water Lake Manapouri,0,138.8476547
357500,Te Anau,5.52722423,5.52722423
357600,Whitestone,91.16935762,91.16935762
357700,Mossburn,2740.552969,2740.552969
357800,Inland water Lake Hauroko,0,71.10793822
357900,Longwood Forest,2198.425092,2230.530391
358000,Ohai-Nightcaps,948.8087269,948.8087269
358100,Riversdale-Piano Flat,1578.790063,1578.790063
358200,Lumsden-Balfour,767.6696718,767.6696718
358300,Oreti River,629.9607048,629.9607048
358400,Otautau,703.225983,703.225983
358500,Hedgehope,729.2553454,729.2553454
358600,Winton,3.07424883,3.07424883
358700,Waianiwa,228.5909772,228.5909772
358800,Riverton,8.74454414,8.74454414
358900,Wallacetown,89.78595911,89.78595911
359000,Grove Bush,145.5658938,145.5658938
359100,Edendale-Woodlands,385.0892374,385.0892374
359300,Stewart Island,1747.737001,1747.737001
359400,Awarua Plains,409.0300853,409.0300853
359500,Wyndham-Catlins,1382.232578,1382.232578
359600,Waikaka,586.9983293,586.9983293
359700,Waimumu-Kaiwera,647.7393034,647.7393034
359800,Gore North,1.72870322,1.72870322
359900,Gore West,3.1580431,3.1580431
360000,East Gore,3.69861291,3.69861291
360100,Gore Central,1.02927419,1.02927419
360200,Gore Main,0.60819228,0.60819228
360300,Gore South,3.54391067,3.54391067
360400,Mataura,5.32508774,5.32508774
360500,West Plains-Makarewa,87.86646436,87.86646436
360600,Prestonville-Grasmere,3.19630223,3.19630223
360700,Donovan Park,2.93101168,2.93101168
360800,Myross Bush,20.49452924,20.49452924
360900,Otatara,19.95122883,19.95122883
361000,Invercargill Central,9.18225775,9.18225775
361100,Gladstone (Invercargill City),1.26997527,1.26997527
361200,Rosedale,1.08588187,1.08588187
361300,Avenal,1.42781023,1.42781023
361400,Hargest,1.02953061,1.02953061
361500,Windsor,1.60991922,1.60991922
361600,Richmond (Invercargill City),1.27965464,1.27965464
361700,Glengarry,2.05295974,2.05295974
361900,Turnbull Thompson Park,1.48988387,1.48988387
362000,Crinan,0.82389206,0.82389206
362100,Georgetown,1.123485,1.123485
362200,Kew (Invercargill City),2.03031338,2.03031338
362300,Kennington-Tisbury,37.1053138,37.1053138
362400,Newfield,2.00552502,2.00552502
362500,Strathern,0.98388272,0.98388272
362600,Elizabeth Park,1.03043444,1.03043444
362700,Aurora,0.65289648,0.65289648
362800,Moulson,0.77411182,0.77411182
362900,Kingswell,1.90459373,1.90459373
363000,Clifton,2.86310529,2.86310529
363100,Woodend-Greenhills,173.6113608,173.6113608
363300,Bluff,10.09934639,10.09934639
181600,Lake Cameron,51.51623341,51.51623341
333700,Torlesse,413.9553374,413.9553374
363800,Oceanic Canterbury Region,0.02722564,0.02722564
